INSERT INTO `national_cuisine` (`cuisine_name`) VALUES
	('American'),
	('Brazilian'),
	('Chinese'),
	('Ethiopian'),
	('French'),
	('Greek'),
	('Indian'),
	('Israeli'),
	('Italian'),
	('Japanese'),
	('Korean'),
	('Latin American'),
	('Lebanese'),
	('Mexican'),
	('Moroccan'),
	('Spanish'),
	('Thai'),
	('Vietnamese'),
	('Turkish'),
	('Russian');


INSERT INTO `food_groups` (`group_name`, `group_description`) VALUES
	('Vegetables', 'A vegetable is the edible portion of a plant.'),
	('Fruits', 'A fruit is a mature, ripened ovary, along with the contents of the ovary.'),
	('Cereal and Potatoes', 'Cereals and potatoes group includes pasta, bread and bakery products, rice, barley, corn, as well as other minor cereals and tubers such as sweet potatoes and topinambur.'),
	('Milk and Dairy Products', 'Dairy products or milk products, also known as lacticinia, are food products made from (or containing) milk.'),
	('Legumes', 'A legume refers to any plant from the Fabaceae family that would include its leaves, stems, and pods. A pulse is the edible seed from a legume plant. Pulses include beans, lentils, and peas.'),
	('Red Meat', 'Red meat refers to fresh unprocessed mammalian muscle meat (e.g. beef, veal, pork, lamb, mutton, horse, or goat meat), which may be minced or frozen, and is usually consumed cooked.'),
	('White Meat', 'In culinary terms, white meat is meat which is pale in color before and after cooking.'),
	('Eggs', 'Bird and reptile eggs consist of a protective eggshell, albumen (egg white), and vitellus (egg yolk), contained within various thin membranes.'),
	('Fish and Seafood', 'Seafood encompasses all commercially obtained freshwater and saltwater fish, molluscan shellfish, and crustaceans.'),
	('Added fats and oils, olives and nuts', 'This group includes added fats and oils such as butter, margarine, olive oil, and nut oils, as well as olives and various types of nuts.'),
	('Sweets and Desserts', 'Includes cakes, cookies, candies, and other sweet treats, which should be consumed in moderation.');

INSERT INTO `ingredients` (`ingredient_name`, `calories_per_gram`, `group_name`) VALUES
	('Apple', 1, 'Fruits'),
	('Apples', 1, 'Fruits'),
	('Avocado', 4, 'Fruits'),
	('Bacon', 5, 'Red Meat'),
	('Baguette', 2, 'Cereal and Potatoes'),
	('Balsamic glaze', 1, 'Added fats and oils, olives and nuts'),
	('Basil leaves', 1, 'Vegetables'),
	('Basmati rice', 2, 'Cereal and Potatoes'),
	('BBQ Sauce', 2, 'Added fats and oils, olives and nuts'),
	('Bean sprouts', 1, 'Vegetables'),
	('Beef', 3, 'Red Meat'),
	('Beef broth', 3, 'Red Meat'),
	('Beer', 4, 'Added fats and oils, olives and nuts'),
	('Bell peppers', 1, 'Vegetables'),
	('Berbere Spice', 0, 'Added fats and oils, olives and nuts'),
	('Black beans', 3, 'Legumes'),
	('Black olives', 5, 'Added fats and oils, olives and nuts'),
	('Black vinegar', 1, 'Added fats and oils, olives and nuts'),
	('Bonito flakes', 0, 'Fish and Seafood'),
	('Breadcrumbs', 1, 'Cereal and Potatoes'),
	('Brown sugar', 4, 'Added fats and oils, olives and nuts'),
	('Bulgur wheat', 1, 'Cereal and Potatoes'),
	('Butter', 7, 'Added fats and oils, olives and nuts'),
	('Cabbage', 0, 'Vegetables'),
	('Carrot', 1, 'Vegetables'),
	('Carrots', 1, 'Vegetables'),
	('Cashews', 6, 'Added fats and oils, olives and nuts'),
	('Celery', 0, 'Vegetables'),
	('Cheese', 4, 'Milk and Dairy Products'),
	('Chicken', 3, 'White Meat'),
	('Chickpeas', 3, 'Legumes'),
	('Chocolate Sprinkles', 4, 'Added fats and oils, olives and nuts'),
	('Chorizo', 3, 'Red Meat'),
	('Cilantro', 0, 'Vegetables'),
	('Cinnamon Stick', 0, 'Added fats and oils, olives and nuts'),
	('Clarified Butter', 7, 'Added fats and oils, olives and nuts'),
	('Cocoa powder', 3, 'Added fats and oils, olives and nuts'),
	('Coconut milk', 5, 'Milk and Dairy Products'),
	('Condensed Milk', 4, 'Milk and Dairy Products'),
	('Cotija cheese', 4, 'Milk and Dairy Products'),
	('Cream', 5, 'Milk and Dairy Products'),
	('Cucumber', 1, 'Vegetables'),
	('Cumin', 1, 'Added fats and oils, olives and nuts'),
	('Curry powder', 1, 'Added fats and oils, olives and nuts'),
	('Dill', 1, 'Vegetables'),
	('Duck', 5, 'White Meat'),
	('Egg', 2, 'Eggs'),
	('Eggplant', 2, 'Vegetables'),
	('Eggs', 2, 'Eggs'),
	('Enchilada sauce', 2, 'Vegetables'),
	('Espresso', 1, 'Vegetables'),
	('Feta cheese', 4, 'Milk and Dairy Products'),
	('Fish', 4, 'Fish and Seafood'),
	('Flour', 1, 'Cereal and Potatoes'),
	('Fresh basil', 1, 'Vegetables'),
	('Galangal', 1, 'Vegetables'),
	('Garam masala', 3, 'Added fats and oils, olives and nuts'),
	('Garlic', 1, 'Vegetables'),
	('Garlic Powder', 3, 'Added fats and oils, olives and nuts'),
	('Ghee', 9, 'Added fats and oils, olives and nuts'),
	('Ginger', 1, 'Vegetables'),
	('Ginger garlic paste', 2, 'Vegetables'),
	('Gochugaru', 1, 'Added fats and oils, olives and nuts'),
	('Grand Marnier', 4, 'Added fats and oils, olives and nuts'),
	('Grape leaves', 1, 'Vegetables'),
	('Green chilies', 1, 'Vegetables'),
	('Green curry paste', 3, 'Added fats and oils, olives and nuts'),
	('Green onions', 1, 'Vegetables'),
	('Ground beef', 3, 'Red Meat'),
	('Ground lamb', 5, 'Red Meat'),
	('Ground pork', 4, 'White Meat'),
	('Heavy cream', 3, 'Milk and Dairy Products'),
	('Hoisin sauce', 3, 'Added fats and oils, olives and nuts'),
	('Kaffir lime leaves', 1, 'Vegetables'),
	('Kalamata olives', 5, 'Added fats and oils, olives and nuts'),
	('Kashmiri chili powder', 3, 'Added fats and oils, olives and nuts'),
	('Kasuri methi (dried fenugreek leaves)', 2, 'Vegetables'),
	('Ladyfingers', 3, 'Cereal and Potatoes'),
	('Lamb', 2, 'Red Meat'),
	('Lemon juice', 1, 'Fruits'),
	('Lemongrass', 1, 'Vegetables'),
	('Lime juice', 1, 'Fruits'),
	('Marsala wine', 3, 'Added fats and oils, olives and nuts'),
	('Mascarpone cheese', 4, 'Milk and Dairy Products'),
	('Milk', 1, 'Milk and Dairy Products'),
	('Mint', 0, 'Vegetables'),
	('Mint leaves', 0, 'Vegetables'),
	('Mirin', 1, 'Added fats and oils, olives and nuts'),
	('Mitmita Spice', 0, 'Added fats and oils, olives and nuts'),
	('Mixed greens', 1, 'Vegetables'),
	('Mixed vegetables', 0, 'Vegetables'),
	('Mozzarella cheese', 4, 'Milk and Dairy Products'),
	('Mushrooms', 1, 'Vegetables'),
	('Mustard', 2, 'Added fats and oils, olives and nuts'),
	('Napa Cabbage', 0, 'Vegetables'),
	('Noodles', 3, 'Cereal and Potatoes'),
	('Nori (seaweed)', 2, 'Fish and Seafood'),
	('Nutmeg', 1, 'Vegetables'),
	('Olive Oil', 9, 'Added fats and oils, olives and nuts'),
	('Onion', 1, 'Vegetables'),
	('Onion Powder', 3, 'Added fats and oils, olives and nuts'),
	('Onions', 0, 'Vegetables'),
	('Oranges', 1, 'Fruits'),
	('Paneer', 2, 'Milk and Dairy Products'),
	('Paneer cheese', 4, 'Milk and Dairy Products'),
	('Paprika', 0, 'Added fats and oils, olives and nuts'),
	('Parmesan cheese', 4, 'Milk and Dairy Products'),
	('Parsley', 0, 'Vegetables'),
	('Pasta', 4, 'Cereal and Potatoes'),
	('Peanuts', 6, 'Added fats and oils, olives and nuts'),
	('Phyllo dough', 3, 'Cereal and Potatoes'),
	('Pickled Carrots', 1, 'Vegetables'),
	('Pickled ginger', 1, 'Vegetables'),
	('Pineapple', 3, 'Fruits'),
	('Pita chips', 3, 'Cereal and Potatoes'),
	('Pizza dough', 3, 'Cereal and Potatoes'),
	('Poblano peppers', 1, 'Vegetables'),
	('Pomegranate seeds', 1, 'Fruits'),
	('Pork', 3, 'White Meat'),
	('Pork Ribs', 3, 'Red Meat'),
	('Potato', 1, 'Cereal and Potatoes'),
	('Potatoes', 1, 'Cereal and Potatoes'),
	('Radishes', 1, 'Vegetables'),
	('Red bell pepper', 0, 'Vegetables'),
	('Red onion', 1, 'Vegetables'),
	('Red wine', 3, 'Added fats and oils, olives and nuts'),
	('Rice', 1, 'Cereal and Potatoes'),
	('Rice Noodles', 1, 'Cereal and Potatoes'),
	('Rice Paper', 1, 'Cereal and Potatoes'),
	('Rice vermicelli', 2, 'Cereal and Potatoes'),
	('Rice vinegar', 3, 'Added fats and oils, olives and nuts'),
	('Ricotta cheese', 2, 'Milk and Dairy Products'),
	('Saffron', 3, 'Added fats and oils, olives and nuts'),
	('Salsa', 0, 'Added fats and oils, olives and nuts'),
	('Salt', 0, 'Added fats and oils, olives and nuts'),
	('Seafood', 4, 'Fish and Seafood'),
	('Seaweed', 1, 'Vegetables'),
	('Sesame oil', 9, 'Added fats and oils, olives and nuts'),
	('Shrimp', 3, 'Fish and Seafood'),
	('Sichuan peppercorns', 6, 'Added fats and oils, olives and nuts'),
	('Silken tofu', 1, 'Vegetables'),
	('Soy Sauce', 2, 'Added fats and oils, olives and nuts'),
	('Spaghetti', 3, 'Cereal and Potatoes'),
	('Spinach', 1, 'Vegetables'),
	('Sugar', 4, 'Added fats and oils, olives and nuts'),
	('Sumac', 1, 'Vegetables'),
	('Tahini', 6, 'Added fats and oils, olives and nuts'),
	('Tamarind paste', 2, 'Fruits'),
	('Tandoori masala', 4, 'Added fats and oils, olives and nuts'),
	('Tapioca Flour', 1, 'Cereal and Potatoes'),
	('Teff Flour', 1, 'Cereal and Potatoes'),
	('Tempura batter', 4, 'Added fats and oils, olives and nuts'),
	('Thai basil', 1, 'Vegetables'),
	('Thai chilies', 1, 'Vegetables'),
	('Thyme', 1, 'Vegetables'),
	('Tofu', 2, 'Legumes'),
	('Tomato', 0, 'Vegetables'),
	('Tomato sauce', 2, 'Vegetables'),
	('Tomatoes', 2, 'Vegetables'),
	('Tortillas', 3, 'Cereal and Potatoes'),
	('Turmeric', 0, 'Added fats and oils, olives and nuts'),
	('Veal', 2, 'Red Meat'),
	('Veal shanks', 2, 'White Meat'),
	('Vegetables', 0, 'Vegetables'),
	('Vermicelli Noodles', 1, 'Cereal and Potatoes'),
	('Walnuts', 6, 'Added fats and oils, olives and nuts'),
	('Wasabi', 1, 'Vegetables'),
	('Water', 0, 'Added fats and oils, olives and nuts'),
	('White pepper', 3, 'Added fats and oils, olives and nuts'),
	('White wine', 1, 'Added fats and oils, olives and nuts'),
	('Yeast', 0, 'Cereal and Potatoes'),
	('Yogurt', 3, 'Milk and Dairy Products'),
	('Zucchini', 1, 'Vegetables');
	
INSERT INTO `recipes` (`recipe_name`, `short_desc`, `difficulty_level`, `tip1`, `tip2`, `tip3`, `prep_time`, `cooking_time`, `quantities`, `main_ingredient`) VALUES
	('Apple Pie', 'Classic American apple pie with a flaky crust.', '4', 'Use a mix of sweet and tart apples.', 'Brush the crust with egg wash.', NULL, '00:30:00', '01:00:00', 8, 'Apple'),
	('Banh Mi', 'Vietnamese sandwich with pickled vegetables and meat.', '2', 'Use a crusty baguette.', NULL, NULL, '00:15:00', '00:20:00', 2, 'Pork'),
	('BBQ Ribs', 'American BBQ ribs with smoky flavor.', '3', 'Marinate the ribs overnight.', NULL, NULL, '00:15:00', '03:00:00', 4, 'Pork Ribs'),
	('Beef Bourguignon', 'French beef stew cooked in red wine', '4', 'Use a good quality red wine', 'Cook slowly for tender meat', 'Serve with crusty bread', '00:30:00', '02:30:00', 6, 'Beef'),
	('Beef Stew', 'Hearty American beef stew with vegetables.', '3', 'Brown the beef first.', 'Use red wine for depth of flavor.', NULL, '00:20:00', '03:00:00', 6, 'Beef'),
	('Bibimbap', 'Korean rice bowl with assorted toppings.', '3', 'Use a variety of vegetables.', 'Serve with a fried egg on top.', 'Mix well before eating.', '00:20:00', '00:30:00', 4, 'Rice'),
	('Brigadeiro', 'Brazilian chocolate truffles.', '1', 'Use good quality cocoa powder.', NULL, NULL, '00:10:00', '00:10:00', 20, 'Condensed Milk'),
	('Bulgogi', 'Korean marinated beef.', '2', 'Marinate the beef overnight.', 'Cook on high heat.', 'Serve with rice and lettuce wraps.', '00:20:00', '00:15:00', 4, 'Beef'),
	('Butter Chicken', 'Indian creamy tomato-based chicken curry', '3', 'Marinate chicken for better flavor', 'Use fresh cream for richness', NULL, '00:20:00', '00:30:00', 4, 'Chicken'),
	('Caprese Pizza', 'Italian pizza topped with tomatoes, mozzarella cheese, and basil', '2', 'Use fresh basil leaves', 'Top with fresh mozzarella', NULL, '00:20:00', '00:15:00', 4, 'Pizza dough'),
	('Carbonnade Flamande', 'Belgian beef and beer stew', '4', 'Use Belgian beer for authenticity', 'Cook slowly for tender meat', NULL, '00:30:00', '02:00:00', 6, 'Beef'),
	('Ceviche', 'Latin American seafood dish marinated in citrus juices', '2', 'Use fresh lime juice', 'Serve chilled', NULL, '00:15:00', '00:00:00', 4, 'Fish'),
	('Chicken Biryani', 'Fragrant Indian rice dish with chicken and spices', '4', 'Marinate chicken for better flavor', 'Use basmati rice for best results', NULL, '00:30:00', '01:00:00', 6, 'Chicken'),
	('Chicken Korma', 'Indian chicken curry cooked with yogurt, cream, and spices', '3', 'Marinate chicken for better flavor', 'Use fresh cream for richness', NULL, '00:30:00', '00:45:00', 4, 'Chicken'),
	('Chicken Tikka Masala', 'Iconic Indian curry dish', '3', 'Marinate chicken for at least 2 hours', NULL, NULL, '00:30:00', '00:30:00', 4, 'Chicken'),
	('Chilaquiles', 'Mexican tortilla casserole with salsa and cheese', '2', 'Use fresh salsa', 'Top with sour cream and cheese', NULL, '00:20:00', '00:30:00', 4, 'Tortillas'),
	('Chiles en Nogada', 'Mexican stuffed poblano peppers with walnut sauce', '4', 'Use fresh pomegranates for garnish', 'Serve at room temperature', 'Use roasted walnuts for the sauce', '00:30:00', '00:45:00', 6, 'Poblano peppers'),
	('Coq au Vin', 'Classic French chicken dish', '4', 'Marinate overnight for best flavor', 'Use a good quality red wine', NULL, '00:20:00', '01:30:00', 6, 'Chicken'),
	('Crepes Suzette', 'French thin pancakes with orange sauce and Grand Marnier', '3', 'Use fresh orange juice', 'Flambe with Grand Marnier', NULL, '00:15:00', '00:15:00', 4, 'Flour'),
	('Dolmades', 'Greek stuffed grape leaves with rice and herbs', '3', 'Use fresh grape leaves', 'Serve with lemon wedges', 'Add fresh dill for extra flavor', '00:30:00', '00:45:00', 6, 'Grape leaves'),
	('Doro Wat', 'Ethiopian spicy chicken stew.', '4', 'Use berbere spice mix.', 'Serve with injera.', NULL, '00:20:00', '01:30:00', 6, 'Chicken'),
	('Eggplant Parmesan', 'Italian baked eggplant dish with tomato sauce and cheese', '3', 'Use fresh eggplants', 'Top with mozzarella cheese', NULL, '00:30:00', '00:45:00', 4, 'Eggplant'),
	('Enchiladas', 'Mexican rolled tortillas stuffed with meat and cheese, topped with sauce', '3', 'Use fresh tortillas', 'Top with cheese and bake until bubbly', NULL, '00:20:00', '00:30:00', 4, 'Tortillas'),
	('Falafel', 'Lebanese fried chickpea patties', '2', 'Use dried chickpeas soaked overnight', 'Add fresh herbs for better flavor', NULL, '00:20:00', '00:20:00', 4, 'Chickpeas'),
	('Fattoush', 'Lebanese salad with mixed greens, vegetables, and pita chips', '2', 'Use toasted pita chips', 'Add sumac for extra tang', NULL, '00:15:00', '00:00:00', 4, 'Mixed greens'),
	('Feijoada', 'Brazilian black bean stew with pork.', '3', 'Use a variety of pork cuts.', 'Serve with orange slices.', 'Add a bay leaf for extra flavor.', '00:30:00', '02:30:00', 6, 'Black Beans'),
	('Gazpacho', 'Traditional Spanish cold tomato soup', '1', 'Serve chilled', NULL, NULL, '00:15:00', '00:00:00', 4, 'Tomato'),
	('Greek Salad', 'Traditional Greek salad', '1', 'Use fresh and ripe tomatoes', 'Add olives for extra flavor', NULL, '00:10:00', '00:00:00', 2, 'Tomato'),
	('Guacamole', 'Mexican avocado dip with tomatoes and lime', '1', 'Use ripe avocados', 'Add lime juice to prevent browning', NULL, '00:15:00', '00:00:00', 4, 'Avocado'),
	('Gyoza', 'Japanese pan-fried dumplings filled with ground meat and vegetables', '3', 'Use fresh ginger for better flavor', 'Serve with dipping sauce', NULL, '00:30:00', '00:20:00', 4, 'Pork'),
	('Hot and Sour Soup', 'Chinese spicy and tangy soup with mushrooms and tofu', '2', 'Use fresh tofu', NULL, NULL, '00:20:00', '00:20:00', 4, 'Tofu'),
	('Hummus', 'Classic Lebanese dip', '1', 'Use fresh lemon juice', 'Add a pinch of cumin for extra flavor', NULL, '00:10:00', '00:00:00', 4, 'Chickpeas'),
	('Injera', 'Ethiopian sourdough flatbread.', '4', 'Ferment the batter for 3 days.', 'Cook on a hot griddle.', NULL, '00:10:00', '00:05:00', 12, 'Teff Flour'),
	('Kimchi', 'Spicy fermented Korean cabbage.', '3', 'Use Korean chili powder.', 'Ferment for at least a week.', NULL, '00:30:00', '00:00:00', 10, 'Cabbage'),
	('Kitfo', 'Ethiopian seasoned raw beef.', '3', 'Use high-quality beef.', 'Serve with injera or bread.', NULL, '00:15:00', '00:00:00', 4, 'Beef'),
	('Kung Pao Chicken', 'Popular Chinese stir-fry dish', '3', 'Prepare all ingredients before cooking', NULL, NULL, '00:15:00', '00:20:00', 4, 'Chicken'),
	('Kung Pao Shrimp', 'Chinese stir-fried shrimp dish with peanuts and chili peppers', '3', 'Prepare all ingredients before cooking', 'Adjust spice level to taste', NULL, '00:15:00', '00:15:00', 4, 'Shrimp'),
	('Lamb Tagine', 'Moroccan slow-cooked lamb stew with spices and dried fruits', '4', 'Use a tagine pot for best results', 'Cook slowly for tender meat', 'Serve with couscous', '00:20:00', '02:00:00', 6, 'Lamb'),
	('Lasagna', 'Classic Italian layered pasta dish with meat and cheese', '4', 'Use ricotta cheese for creaminess', 'Let it rest before serving', NULL, '00:30:00', '01:00:00', 6, 'Pasta'),
	('Mapo Tofu', 'Spicy Chinese tofu dish with minced meat', '3', 'Use soft tofu for best texture', NULL, NULL, '00:20:00', '00:20:00', 4, 'Tofu'),
	('Margherita Pizza', 'Classic Italian pizza with tomato, mozzarella, and basil', '2', 'Use fresh basil leaves', 'Bake on a pizza stone for best results', NULL, '00:20:00', '00:15:00', 4, 'Pizza dough'),
	('Miso Soup', 'Japanese soup made with soybean paste, tofu, and seaweed', '2', 'Use miso paste for authentic flavor', 'Serve hot', NULL, '00:10:00', '00:10:00', 4, 'Tofu'),
	('Moussaka', 'Greek eggplant and lamb casserole with bechamel sauce', '4', 'Let it rest before serving', NULL, NULL, '00:30:00', '01:00:00', 6, 'Eggplant'),
	('Osso Buco', 'Italian braised veal shanks with vegetables and white wine', '4', 'Cook slowly for tender meat', 'Serve with gremolata', 'Pair with a glass of white wine', '00:30:00', '02:00:00', 6, 'Veal'),
	('Pad Thai', 'Classic Thai stir-fried noodle dish with shrimp', '3', 'Use tamarind paste for authentic taste', 'Add peanuts for extra crunch', NULL, '00:20:00', '00:15:00', 4, 'Noodles'),
	('Paella', 'Traditional Spanish rice dish', '4', 'Use saffron for authentic taste', 'Cook rice evenly for best texture', 'Serve with lemon wedges', '00:20:00', '00:30:00', 6, 'Rice'),
	('Palak Paneer', 'Indian spinach curry with paneer cheese', '3', 'Use fresh spinach', 'Add cream for richness', NULL, '00:20:00', '00:30:00', 4, 'Spinach'),
	('Paneer Tikka', 'Indian grilled paneer cheese skewers with spices and vegetables', '3', 'Marinate paneer for at least 2 hours', 'Use skewers for grilling', NULL, '00:20:00', '00:15:00', 4, 'Paneer'),
	('Pao de Queijo', 'Brazilian cheese bread.', '2', 'Use tapioca flour.', 'Grate the cheese finely.', NULL, '00:15:00', '00:25:00', 24, 'Cheese'),
	('Pasta Primavera', 'Italian pasta dish with fresh vegetables and Parmesan cheese', '2', 'Use seasonal vegetables', 'Top with grated Parmesan', NULL, '00:20:00', '00:20:00', 4, 'Pasta'),
	('Peking Duck', 'Chinese roast duck dish with crispy skin', '5', 'Air-dry duck for crispy skin', 'Serve with hoisin sauce', NULL, '00:30:00', '02:00:00', 6, 'Duck'),
	('Pho', 'Traditional Vietnamese noodle soup with beef or chicken.', '3', 'Use fresh herbs for garnish.', 'Serve with lime wedges.', NULL, '00:20:00', '02:00:00', 4, 'Beef'),
	('Ratatouille', 'French vegetable stew with tomatoes, eggplant, and zucchini', '3', 'Use fresh vegetables', 'Serve with crusty bread', NULL, '00:20:00', '00:40:00', 4, 'Vegetables'),
	('Sashimi', 'Japanese sliced raw fish dish', '3', 'Use sushi-grade fish', 'Serve with soy sauce and wasabi', NULL, '00:30:00', '00:00:00', 4, 'Fish'),
	('Shakshuka', 'Middle Eastern poached eggs in spicy tomato sauce', '2', 'Use fresh tomatoes', 'Top with crumbled feta', NULL, '00:15:00', '00:15:00', 4, 'Tomato'),
	('Spaghetti Carbonara', 'Classic Italian pasta dish', '3', 'Use fresh eggs', 'Keep in fridge for up to 3 days', NULL, '00:15:00', '00:20:00', 4, 'Spaghetti'),
	('Spanakopita', 'Greek spinach and feta cheese pie in phyllo pastry', '3', 'Use fresh spinach', 'Brush phyllo with melted butter', NULL, '00:30:00', '00:30:00', 6, 'Spinach'),
	('Spring Rolls', 'Fresh Vietnamese spring rolls with shrimp or pork.', '2', 'Use fresh mint and cilantro.', 'Soak rice paper briefly.', NULL, '00:30:00', '00:10:00', 4, 'Shrimp'),
	('Sushi Rolls', 'Japanese sushi rolls', '3', 'Use sushi-grade fish', 'Keep hands wet to prevent sticking', NULL, '00:45:00', '00:30:00', 4, 'Rice'),
	('Tabbouleh', 'Lebanese parsley and bulgur wheat salad with tomatoes and mint', '2', 'Use fresh mint leaves', 'Chill before serving', NULL, '00:15:00', '00:00:00', 4, 'Parsley'),
	('Tacos al Pastor', 'Traditional Mexican street food', '2', 'Use fresh pineapple for best taste', 'Grill meat for authentic flavor', NULL, '00:20:00', '00:30:00', 6, 'Pork'),
	('Tempura', 'Japanese deep-fried seafood and vegetables', '3', 'Use ice-cold batter for crispiness', 'Fry in small batches', NULL, '00:20:00', '00:10:00', 4, 'Seafood'),
	('Tempura Vegetables', 'Japanese deep-fried battered vegetables', '2', 'Use ice-cold batter for crispiness', 'Serve with tempura dipping sauce', NULL, '00:20:00', '00:10:00', 4, 'Vegetables'),
	('Thai Green Curry', 'Thai spicy coconut milk-based curry with chicken and vegetables', '3', 'Use fresh lemongrass', 'Serve with jasmine rice', NULL, '00:20:00', '00:30:00', 4, 'Chicken'),
	('Tiramisu', 'Classic Italian dessert with coffee-soaked ladyfingers and mascarpone', '2', 'Use strong espresso', 'Chill overnight for best flavor', NULL, '00:30:00', '00:00:00', 6, 'Ladyfingers'),
	('Tofu Curry', 'Asian curry dish with tofu, vegetables, and coconut milk', '2', 'Use firm tofu', 'Serve with steamed rice', NULL, '00:25:00', '00:25:00', 4, 'Tofu'),
	('Tom Kha Gai', 'Thai coconut chicken soup with lemongrass and galangal', '2', 'Use fresh herbs for best flavor', NULL, NULL, '00:20:00', '00:20:00', 4, 'Chicken'),
	('Tom Yum Soup', 'Classic Thai spicy soup', '2', 'Use fresh herbs for better flavor', NULL, NULL, '00:15:00', '00:20:00', 4, 'Shrimp'),
	('Tortilla Espaniola', 'Spanish potato omelette', '2', 'Use waxy potatoes', 'Let it cool before serving', NULL, '00:10:00', '00:30:00', 4, 'Potato'),
	('Vietnamese Spring Rolls', 'Vietnamese rice paper rolls filled with shrimp, vegetables, and vermicelli noodles', '2', 'Use fresh herbs for best flavor', 'Serve with dipping sauce', NULL, '00:30:00', '00:30:00', 4, 'Shrimp'),
	('Turkish Lamb Kebab', 'Delicious lamb kebabs with Turkish spices', '3', 'Use fresh herbs for better flavor', 'Marinate overnight for best results', NULL, '00:30:00', '00:45:00', 4, 'Lamb'),
   ('Russian Beef Stroganoff', 'Classic Russian dish with creamy sauce', '4', 'Use tender beef cuts for best texture', 'Cook the mushrooms separately for better flavor', 'Serve with mashed potatoes or noodles', '00:20:00', '00:35:00', 4, 'Beef');

INSERT INTO `equipment` (`equipment_name`, `instructions`) VALUES
	('Baking Dish', 'Use for baking casseroles and similar dishes.'),
	('Baking Sheet', 'Use for baking items in the oven.'),
	('Bamboo Mat', 'Use for rolling sushi.'),
	('Blender', 'Use for blending and pureeing ingredients.'),
	('Chopsticks', 'Use for picking up food, especially in Asian cuisine.'),
	('Crepe Pan', 'Use for making crepes.'),
	('Cutting Board', 'Use as a surface for chopping ingredients.'),
	('Deep Fryer', 'Use for deep frying foods.'),
	('Dutch Oven', 'Use for braising, roasting, and stewing.'),
	('Food Processor', 'Use for chopping, slicing, and pureeing ingredients.'),
	('Fork', 'Use for mixing and mashing ingredients.'),
	('Frying Pan', 'Use for frying and sauteing.'),
	('Griddle', 'Use for cooking pancakes, eggs, and other flat items.'),
	('Grill', 'Use for grilling meats and vegetables.'),
	('Knife', 'Use for chopping and slicing ingredients.'),
	('Large Pot', 'Use for cooking large batches of food or boiling water.'),
	('Mixing Bowl', 'Use for combining ingredients.'),
	('Mixing Spoon', 'Use for stirring and mixing ingredients.'),
	('Oven', 'Use for baking and roasting.'),
	('Paella Pan', 'Use for cooking paella and similar dishes.'),
	('Pie Pan', 'Use for baking pies.'),
	('Rice Cooker', 'Use for cooking rice.'),
	('Roasting Pan', 'Use for roasting meats and vegetables.'),
	('Rolling Pin', 'Use for rolling out dough.'),
	('Saucepan', 'Use for cooking sauces, soups, and boiling small quantities of food.'),
	('Serving Plate', 'Use for presenting finished dishes.'),
	('Sharp Knife', 'Use for precision cutting and slicing.'),
	('Soup Spoons', 'Use for serving and eating soup.'),
	('Spatula', 'Use for flipping and stirring foods.'),
	('Stock Pot', 'Use for cooking large batches of soup or broth.'),
	('Strainer', 'Use for straining solids from liquids.'),
	('Tongs', 'Use for handling hot foods.'),
	('Whisk', 'Use for beating and whipping ingredients.'),
	('Wok', 'Use for stir-frying and deep frying.');

INSERT INTO `cook` (`cook_id`, `first_name`, `last_name`, `cook_phone_number`, `cook_birthday`, `age_in_years`, `cook_working_years`, `professional_level`) VALUES
	(1, 'Melissa', 'Alexander', '9165571632', '1990-02-03', 34, 15, 'chef assistant'),
	(2, 'William', 'Greene', '4232223724', '1959-04-08', 65, 6, 'chef assistant'),
	(3, 'Thomas', 'Owens', '3776424622', '1976-06-04', 48, 6, 'chef assistant'),
	(4, 'Robert', 'Harris', '9406791242', '1947-05-03', 77, 7, 'chef'),
	(5, 'Alexander', 'Johnson', '1637407368', '1954-03-07', 70, 21, 'A cook'),
	(6, 'Kimberly', 'Robinson', '2155249667', '1994-06-19', 30, 10, 'B cook'),
	(7, 'James', 'Holmes', '2497632345', '1949-02-26', 75, 1, 'B cook'),
	(8, 'Kimberly', 'Smith', '7170867995', '1983-05-01', 41, 1, 'B cook'),
	(9, 'Diane', 'Mccullough', '4205901807', '1992-11-05', 32, 11, 'B cook'),
	(10, 'Rachel', 'Richards', '2611547782', '1970-11-09', 54, 10, 'chef'),
	(11, 'Sally', 'Jones', '4129756506', '1972-05-06', 52, 33, 'C cook'),
	(12, 'Sandra', 'Serrano', '6725458452', '1961-03-16', 63, 22, 'A cook'),
	(13, 'Dustin', 'Hawkins', '5178141119', '2004-04-26', 20, 2, 'chef'),
	(14, 'Anthony', 'Luna', '9924657738', '1973-09-04', 51, 26, 'C cook'),
	(15, 'James', 'Flores', '7102943406', '1978-02-23', 46, 15, 'chef assistant'),
	(16, 'Chad', 'Hernandez', '5175126772', '2004-05-14', 20, 2, 'chef'),
	(17, 'Jessica', 'Bush', '1136527182', '1953-12-06', 71, 4, 'C cook'),
	(18, 'Donald', 'Lopez', '2599403387', '1999-09-26', 25, 1, 'B cook'),
	(19, 'Warren', 'Herrera', '4931105499', '1956-09-19', 68, 17, 'C cook'),
	(20, 'Jeffrey', 'Jones', '9934988457', '1948-12-26', 76, 51, 'chef assistant'),
	(21, 'Phillip', 'Contreras', '4104868952', '1989-06-20', 35, 11, 'chef'),
	(22, 'Leonard', 'Valenzuela', '5177460611', '1995-09-06', 29, 11, 'A cook'),
	(23, 'Hannah', 'Hodges', '5476138282', '1982-09-11', 42, 1, 'A cook'),
	(24, 'William', 'Park', '5906030133', '1983-01-21', 41, 2, 'C cook'),
	(25, 'Kenneth', 'Clark', '7530014514', '1998-10-11', 26, 4, 'B cook'),
	(26, 'Kristi', 'West', '7237709386', '1991-04-25', 33, 14, 'C cook'),
	(27, 'Michael', 'Wilson', '2327790254', '1950-03-25', 74, 48, 'B cook'),
	(28, 'Danielle', 'Harrison', '7088972766', '1979-11-18', 45, 15, 'C cook'),
	(29, 'Sarah', 'Hayes', '5250725920', '1971-09-20', 53, 20, 'A cook'),
	(30, 'Katherine', 'Chavez', '7160700188', '1986-03-03', 38, 3, 'chef assistant'),
	(31, 'Mary', 'Williams', '2023651461', '2002-09-07', 22, 4, 'A cook'),
	(32, 'Michael', 'Mueller', '8881261636', '1965-10-25', 59, 14, 'chef assistant'),
	(33, 'Robert', 'Mitchell', '9040569240', '1946-05-28', 78, 49, 'B cook'),
	(34, 'Brittany', 'Baker', '7363230086', '2001-02-11', 23, 1, 'chef assistant'),
	(35, 'Ashley', 'Schultz', '5836300510', '2004-07-08', 20, 2, 'chef assistant'),
	(36, 'Carla', 'Atkinson', '9796729819', '1992-08-24', 32, 1, 'chef'),
	(37, 'Jasmine', 'Garcia', '8877607579', '2006-10-23', 18, 1, 'A cook'),
	(38, 'Madison', 'Smith', '1083239923', '1994-12-22', 30, 4, 'A cook'),
	(39, 'Larry', 'Glover', '7621269707', '1951-08-26', 73, 44, 'chef'),
	(40, 'Jennifer', 'Lopez', '8538908109', '1985-12-14', 39, 21, 'chef'),
	(41, 'Daniel', 'Nguyen', '0867955895', '1980-03-05', 44, 10, 'chef'),
	(42, 'Theresa', 'Garcia', '7135958585', '1990-11-17', 34, 7, 'chef assistant'),
	(43, 'David', 'Bradley', '6293910505', '1969-05-12', 55, 27, 'B cook'),
	(44, 'Wesley', 'Myers', '4146759442', '1965-10-05', 59, 32, 'C cook'),
	(45, 'Nicole', 'Dawson', '3597644617', '2002-03-28', 22, 3, 'chef'),
	(46, 'Timothy', 'Williams', '4979120087', '1994-02-09', 30, 8, 'A cook'),
	(47, 'Eric', 'Rivera', '6960568289', '1980-05-19', 44, 5, 'chef'),
	(48, 'Ivan', 'Grant', '9204376440', '1990-07-23', 34, 4, 'chef'),
	(49, 'Jessica', 'Wilson', '0924097879', '1979-02-19', 45, 15, 'C cook'),
	(50, 'Nathan', 'Griffin', '1584724539', '1948-01-03', 76, 20, 'A cook');
	
INSERT INTO `cook_cuisine` (`cook_id`, `cuisine_name`) VALUES
	(1, 'American'),
	(3, 'American'),
	(5, 'American'),
	(9, 'American'),
	(10, 'American'),
	(11, 'American'),
	(12, 'American'),
	(13, 'American'),
	(14, 'American'),
	(18, 'American'),
	(20, 'American'),
	(24, 'American'),
	(25, 'American'),
	(26, 'American'),
	(27, 'American'),
	(30, 'American'),
	(32, 'American'),
	(35, 'American'),
	(36, 'American'),
	(38, 'American'),
	(39, 'American'),
	(42, 'American'),
	(49, 'American'),
	(1, 'Brazilian'),
	(7, 'Brazilian'),
	(10, 'Brazilian'),
	(11, 'Brazilian'),
	(13, 'Brazilian'),
	(14, 'Brazilian'),
	(17, 'Brazilian'),
	(18, 'Brazilian'),
	(20, 'Brazilian'),
	(23, 'Brazilian'),
	(24, 'Brazilian'),
	(30, 'Brazilian'),
	(32, 'Brazilian'),
	(35, 'Brazilian'),
	(36, 'Brazilian'),
	(38, 'Brazilian'),
	(41, 'Brazilian'),
	(42, 'Brazilian'),
	(43, 'Brazilian'),
	(50, 'Brazilian'),
	(1, 'Chinese'),
	(3, 'Chinese'),
	(8, 'Chinese'),
	(9, 'Chinese'),
	(10, 'Chinese'),
	(11, 'Chinese'),
	(12, 'Chinese'),
	(13, 'Chinese'),
	(18, 'Chinese'),
	(22, 'Chinese'),
	(23, 'Chinese'),
	(26, 'Chinese'),
	(27, 'Chinese'),
	(30, 'Chinese'),
	(32, 'Chinese'),
	(33, 'Chinese'),
	(34, 'Chinese'),
	(35, 'Chinese'),
	(36, 'Chinese'),
	(38, 'Chinese'),
	(39, 'Chinese'),
	(41, 'Chinese'),
	(42, 'Chinese'),
	(49, 'Chinese'),
	(50, 'Chinese'),
	(3, 'Ethiopian'),
	(5, 'Ethiopian'),
	(9, 'Ethiopian'),
	(10, 'Ethiopian'),
	(11, 'Ethiopian'),
	(13, 'Ethiopian'),
	(14, 'Ethiopian'),
	(15, 'Ethiopian'),
	(20, 'Ethiopian'),
	(22, 'Ethiopian'),
	(23, 'Ethiopian'),
	(25, 'Ethiopian'),
	(26, 'Ethiopian'),
	(27, 'Ethiopian'),
	(29, 'Ethiopian'),
	(30, 'Ethiopian'),
	(32, 'Ethiopian'),
	(34, 'Ethiopian'),
	(35, 'Ethiopian'),
	(41, 'Ethiopian'),
	(42, 'Ethiopian'),
	(43, 'Ethiopian'),
	(45, 'Ethiopian'),
	(46, 'Ethiopian'),
	(47, 'Ethiopian'),
	(49, 'Ethiopian'),
	(50, 'Ethiopian'),
	(3, 'French'),
	(6, 'French'),
	(10, 'French'),
	(11, 'French'),
	(12, 'French'),
	(13, 'French'),
	(14, 'French'),
	(17, 'French'),
	(18, 'French'),
	(20, 'French'),
	(23, 'French'),
	(24, 'French'),
	(26, 'French'),
	(27, 'French'),
	(30, 'French'),
	(32, 'French'),
	(33, 'French'),
	(34, 'French'),
	(35, 'French'),
	(37, 'French'),
	(41, 'French'),
	(42, 'French'),
	(45, 'French'),
	(49, 'French'),
	(3, 'Greek'),
	(10, 'Greek'),
	(11, 'Greek'),
	(14, 'Greek'),
	(18, 'Greek'),
	(22, 'Greek'),
	(23, 'Greek'),
	(24, 'Greek'),
	(26, 'Greek'),
	(27, 'Greek'),
	(28, 'Greek'),
	(30, 'Greek'),
	(32, 'Greek'),
	(34, 'Greek'),
	(35, 'Greek'),
	(36, 'Greek'),
	(40, 'Greek'),
	(41, 'Greek'),
	(42, 'Greek'),
	(47, 'Greek'),
	(49, 'Greek'),
	(1, 'Indian'),
	(4, 'Indian'),
	(9, 'Indian'),
	(10, 'Indian'),
	(11, 'Indian'),
	(13, 'Indian'),
	(14, 'Indian'),
	(15, 'Indian'),
	(18, 'Indian'),
	(20, 'Indian'),
	(21, 'Indian'),
	(22, 'Indian'),
	(23, 'Indian'),
	(25, 'Indian'),
	(26, 'Indian'),
	(27, 'Indian'),
	(30, 'Indian'),
	(32, 'Indian'),
	(33, 'Indian'),
	(35, 'Indian'),
	(36, 'Indian'),
	(38, 'Indian'),
	(41, 'Indian'),
	(42, 'Indian'),
	(43, 'Indian'),
	(47, 'Indian'),
	(48, 'Indian'),
	(49, 'Indian'),
	(50, 'Indian'),
	(1, 'Israeli'),
	(10, 'Israeli'),
	(11, 'Israeli'),
	(13, 'Israeli'),
	(15, 'Israeli'),
	(17, 'Israeli'),
	(18, 'Israeli'),
	(20, 'Israeli'),
	(23, 'Israeli'),
	(24, 'Israeli'),
	(25, 'Israeli'),
	(26, 'Israeli'),
	(27, 'Israeli'),
	(30, 'Israeli'),
	(32, 'Israeli'),
	(35, 'Israeli'),
	(36, 'Israeli'),
	(38, 'Israeli'),
	(41, 'Israeli'),
	(42, 'Israeli'),
	(43, 'Israeli'),
	(44, 'Israeli'),
	(47, 'Israeli'),
	(49, 'Israeli'),
	(1, 'Italian'),
	(5, 'Italian'),
	(8, 'Italian'),
	(9, 'Italian'),
	(10, 'Italian'),
	(11, 'Italian'),
	(13, 'Italian'),
	(14, 'Italian'),
	(15, 'Italian'),
	(16, 'Italian'),
	(17, 'Italian'),
	(18, 'Italian'),
	(20, 'Italian'),
	(23, 'Italian'),
	(24, 'Italian'),
	(26, 'Italian'),
	(30, 'Italian'),
	(31, 'Italian'),
	(33, 'Italian'),
	(34, 'Italian'),
	(35, 'Italian'),
	(38, 'Italian'),
	(41, 'Italian'),
	(42, 'Italian'),
	(44, 'Italian'),
	(47, 'Italian'),
	(49, 'Italian'),
	(50, 'Italian'),
	(1, 'Japanese'),
	(3, 'Japanese'),
	(10, 'Japanese'),
	(11, 'Japanese'),
	(13, 'Japanese'),
	(14, 'Japanese'),
	(18, 'Japanese'),
	(19, 'Japanese'),
	(20, 'Japanese'),
	(22, 'Japanese'),
	(23, 'Japanese'),
	(24, 'Japanese'),
	(25, 'Japanese'),
	(26, 'Japanese'),
	(27, 'Japanese'),
	(30, 'Japanese'),
	(32, 'Japanese'),
	(33, 'Japanese'),
	(34, 'Japanese'),
	(35, 'Japanese'),
	(38, 'Japanese'),
	(40, 'Japanese'),
	(41, 'Japanese'),
	(42, 'Japanese'),
	(43, 'Japanese'),
	(45, 'Japanese'),
	(49, 'Japanese'),
	(50, 'Japanese'),
	(1, 'Korean'),
	(7, 'Korean'),
	(9, 'Korean'),
	(10, 'Korean'),
	(11, 'Korean'),
	(13, 'Korean'),
	(14, 'Korean'),
	(15, 'Korean'),
	(17, 'Korean'),
	(18, 'Korean'),
	(22, 'Korean'),
	(23, 'Korean'),
	(24, 'Korean'),
	(25, 'Korean'),
	(26, 'Korean'),
	(27, 'Korean'),
	(28, 'Korean'),
	(30, 'Korean'),
	(32, 'Korean'),
	(34, 'Korean'),
	(35, 'Korean'),
	(36, 'Korean'),
	(38, 'Korean'),
	(41, 'Korean'),
	(42, 'Korean'),
	(43, 'Korean'),
	(46, 'Korean'),
	(47, 'Korean'),
	(1, 'Latin American'),
	(3, 'Latin American'),
	(9, 'Latin American'),
	(10, 'Latin American'),
	(11, 'Latin American'),
	(13, 'Latin American'),
	(15, 'Latin American'),
	(18, 'Latin American'),
	(20, 'Latin American'),
	(22, 'Latin American'),
	(23, 'Latin American'),
	(24, 'Latin American'),
	(25, 'Latin American'),
	(26, 'Latin American'),
	(27, 'Latin American'),
	(30, 'Latin American'),
	(32, 'Latin American'),
	(33, 'Latin American'),
	(35, 'Latin American'),
	(36, 'Latin American'),
	(40, 'Latin American'),
	(41, 'Latin American'),
	(42, 'Latin American'),
	(43, 'Latin American'),
	(49, 'Latin American'),
	(50, 'Latin American'),
	(10, 'Lebanese'),
	(11, 'Lebanese'),
	(12, 'Lebanese'),
	(13, 'Lebanese'),
	(14, 'Lebanese'),
	(15, 'Lebanese'),
	(17, 'Lebanese'),
	(18, 'Lebanese'),
	(20, 'Lebanese'),
	(22, 'Lebanese'),
	(23, 'Lebanese'),
	(26, 'Lebanese'),
	(27, 'Lebanese'),
	(31, 'Lebanese'),
	(32, 'Lebanese'),
	(33, 'Lebanese'),
	(34, 'Lebanese'),
	(35, 'Lebanese'),
	(41, 'Lebanese'),
	(42, 'Lebanese'),
	(43, 'Lebanese'),
	(45, 'Lebanese'),
	(46, 'Lebanese'),
	(49, 'Lebanese'),
	(50, 'Lebanese'),
	(1, 'Mexican'),
	(9, 'Mexican'),
	(10, 'Mexican'),
	(11, 'Mexican'),
	(12, 'Mexican'),
	(13, 'Mexican'),
	(14, 'Mexican'),
	(18, 'Mexican'),
	(22, 'Mexican'),
	(24, 'Mexican'),
	(26, 'Mexican'),
	(27, 'Mexican'),
	(30, 'Mexican'),
	(33, 'Mexican'),
	(34, 'Mexican'),
	(35, 'Mexican'),
	(36, 'Mexican'),
	(38, 'Mexican'),
	(40, 'Mexican'),
	(41, 'Mexican'),
	(42, 'Mexican'),
	(43, 'Mexican'),
	(44, 'Mexican'),
	(46, 'Mexican'),
	(47, 'Mexican'),
	(49, 'Mexican'),
	(1, 'Moroccan'),
	(3, 'Moroccan'),
	(4, 'Moroccan'),
	(8, 'Moroccan'),
	(10, 'Moroccan'),
	(11, 'Moroccan'),
	(12, 'Moroccan'),
	(15, 'Moroccan'),
	(18, 'Moroccan'),
	(20, 'Moroccan'),
	(23, 'Moroccan'),
	(25, 'Moroccan'),
	(26, 'Moroccan'),
	(27, 'Moroccan'),
	(30, 'Moroccan'),
	(33, 'Moroccan'),
	(35, 'Moroccan'),
	(36, 'Moroccan'),
	(38, 'Moroccan'),
	(46, 'Moroccan'),
	(47, 'Moroccan'),
	(49, 'Moroccan'),
	(50, 'Moroccan'),
	(1, 'Spanish'),
	(3, 'Spanish'),
	(6, 'Spanish'),
	(9, 'Spanish'),
	(10, 'Spanish'),
	(11, 'Spanish'),
	(13, 'Spanish'),
	(15, 'Spanish'),
	(18, 'Spanish'),
	(22, 'Spanish'),
	(23, 'Spanish'),
	(24, 'Spanish'),
	(26, 'Spanish'),
	(30, 'Spanish'),
	(32, 'Spanish'),
	(35, 'Spanish'),
	(40, 'Spanish'),
	(42, 'Spanish'),
	(43, 'Spanish'),
	(44, 'Spanish'),
	(46, 'Spanish'),
	(47, 'Spanish'),
	(48, 'Spanish'),
	(49, 'Spanish'),
	(1, 'Thai'),
	(10, 'Thai'),
	(11, 'Thai'),
	(12, 'Thai'),
	(13, 'Thai'),
	(15, 'Thai'),
	(16, 'Thai'),
	(18, 'Thai'),
	(22, 'Thai'),
	(23, 'Thai'),
	(24, 'Thai'),
	(26, 'Thai'),
	(27, 'Thai'),
	(30, 'Thai'),
	(33, 'Thai'),
	(34, 'Thai'),
	(35, 'Thai'),
	(38, 'Thai'),
	(41, 'Thai'),
	(42, 'Thai'),
	(46, 'Thai'),
	(47, 'Thai'),
	(50, 'Thai'),
	(1, 'Vietnamese'),
	(2, 'Vietnamese'),
	(7, 'Vietnamese'),
	(8, 'Vietnamese'),
	(10, 'Vietnamese'),
	(11, 'Vietnamese'),
	(13, 'Vietnamese'),
	(14, 'Vietnamese'),
	(15, 'Vietnamese'),
	(16, 'Vietnamese'),
	(17, 'Vietnamese'),
	(18, 'Vietnamese'),
	(20, 'Vietnamese'),
	(23, 'Vietnamese'),
	(24, 'Vietnamese'),
	(26, 'Vietnamese'),
	(27, 'Vietnamese'),
	(31, 'Vietnamese'),
	(34, 'Vietnamese'),
	(35, 'Vietnamese'),
	(38, 'Vietnamese'),
	(41, 'Vietnamese'),
	(42, 'Vietnamese'),
	(43, 'Vietnamese'),
	(47, 'Vietnamese'),
	(49, 'Vietnamese'),
	(50, 'Vietnamese'),
	(5, 'Turkish'),
	(12, 'Turkish'),
	(39, 'Turkish'),
	(8, 'Russian'),
	(25, 'Russian'),
	(47, 'Russian');
	
INSERT INTO `cuisine_recipe` (`recipe_name`, `cuisine_name`) VALUES
	('Apple Pie', 'American'),
	('BBQ Ribs', 'American'),
	('Beef Stew', 'American'),
	('Brigadeiro', 'Brazilian'),
	('Feijoada', 'Brazilian'),
	('Pao de Queijo', 'Brazilian'),
	('Hot and Sour Soup', 'Chinese'),
	('Kung Pao Chicken', 'Chinese'),
	('Kung Pao Shrimp', 'Chinese'),
	('Mapo Tofu', 'Chinese'),
	('Peking Duck', 'Chinese'),
	('Doro Wat', 'Ethiopian'),
	('Injera', 'Ethiopian'),
	('Kitfo', 'Ethiopian'),
	('Beef Bourguignon', 'French'),
	('Carbonnade Flamande', 'French'),
	('Coq au Vin', 'French'),
	('Crepes Suzette', 'French'),
	('Ratatouille', 'French'),
	('Dolmades', 'Greek'),
	('Greek Salad', 'Greek'),
	('Moussaka', 'Greek'),
	('Spanakopita', 'Greek'),
	('Butter Chicken', 'Indian'),
	('Chicken Biryani', 'Indian'),
	('Chicken Korma', 'Indian'),
	('Chicken Tikka Masala', 'Indian'),
	('Palak Paneer', 'Indian'),
	('Paneer Tikka', 'Indian'),
	('Tofu Curry', 'Indian'),
	('Shakshuka', 'Israeli'),
	('Caprese Pizza', 'Italian'),
	('Eggplant Parmesan', 'Italian'),
	('Lasagna', 'Italian'),
	('Margherita Pizza', 'Italian'),
	('Osso Buco', 'Italian'),
	('Pasta Primavera', 'Italian'),
	('Spaghetti Carbonara', 'Italian'),
	('Tiramisu', 'Italian'),
	('Gyoza', 'Japanese'),
	('Miso Soup', 'Japanese'),
	('Sashimi', 'Japanese'),
	('Sushi Rolls', 'Japanese'),
	('Tempura', 'Japanese'),
	('Tempura Vegetables', 'Japanese'),
	('Bibimbap', 'Korean'),
	('Bulgogi', 'Korean'),
	('Kimchi', 'Korean'),
	('Ceviche', 'Latin American'),
	('Falafel', 'Lebanese'),
	('Fattoush', 'Lebanese'),
	('Hummus', 'Lebanese'),
	('Tabbouleh', 'Lebanese'),
	('Chilaquiles', 'Mexican'),
	('Chiles en Nogada', 'Mexican'),
	('Enchiladas', 'Mexican'),
	('Guacamole', 'Mexican'),
	('Tacos al Pastor', 'Mexican'),
	('Lamb Tagine', 'Moroccan'),
	('Gazpacho', 'Spanish'),
	('Paella', 'Spanish'),
	('Tortilla Espaniola', 'Spanish'),
	('Pad Thai', 'Thai'),
	('Thai Green Curry', 'Thai'),
	('Tom Kha Gai', 'Thai'),
	('Tom Yum Soup', 'Thai'),
	('Banh Mi', 'Vietnamese'),
	('Pho', 'Vietnamese'),
	('Spring Rolls', 'Vietnamese'),
	('Vietnamese Spring Rolls', 'Vietnamese'),
	('Turkish Lamb Kebab', 'Turkish'),
   ('Russian Beef Stroganoff', 'Russian');
	
INSERT INTO `meal_recipe` (`recipe_name`, `meal_name`) VALUES
	('Apple Pie', 'Dessert'),
	('Banh Mi', 'Lunch'),
	('BBQ Ribs', 'Dinner'),
	('BBQ Ribs', 'Lunch'),
	('Beef Bourguignon', 'Dinner'),
	('Beef Bourguignon', 'Lunch'),
	('Beef Stew', 'Dinner'),
	('Bibimbap', 'Dinner'),
	('Brigadeiro', 'Dessert'),
	('Bulgogi', 'Dinner'),
	('Butter Chicken', 'Dinner'),
	('Butter Chicken', 'Lunch'),
	('Caprese Pizza', 'Dinner'),
	('Caprese Pizza', 'Lunch'),
	('Carbonnade Flamande', 'Dinner'),
	('Carbonnade Flamande', 'Lunch'),
	('Ceviche', 'Lunch'),
	('Chicken Biryani', 'Dinner'),
	('Chicken Biryani', 'Lunch'),
	('Chicken Korma', 'Dinner'),
	('Chicken Korma', 'Lunch'),
	('Chicken Tikka Masala', 'Dinner'),
	('Chicken Tikka Masala', 'Lunch'),
	('Chilaquiles', 'Dinner'),
	('Chilaquiles', 'Lunch'),
	('Chiles en Nogada', 'Dinner'),
	('Chiles en Nogada', 'Lunch'),
	('Coq au Vin', 'Dinner'),
	('Coq au Vin', 'Lunch'),
	('Crepes Suzette', 'Dessert'),
	('Crepes Suzette', 'Dinner'),
	('Crepes Suzette', 'Lunch'),
	('Dolmades', 'Dinner'),
	('Dolmades', 'Lunch'),
	('Doro Wat', 'Dinner'),
	('Eggplant Parmesan', 'Dinner'),
	('Eggplant Parmesan', 'Lunch'),
	('Enchiladas', 'Dinner'),
	('Enchiladas', 'Lunch'),
	('Falafel', 'Dinner'),
	('Falafel', 'Lunch'),
	('Fattoush', 'Breakfast'),
	('Feijoada', 'Dinner'),
	('Gazpacho', 'Lunch'),
	('Greek Salad', 'Breakfast'),
	('Guacamole', 'Breakfast'),
	('Gyoza', 'Dinner'),
	('Gyoza', 'Lunch'),
	('Hot and Sour Soup', 'Dinner'),
	('Hot and Sour Soup', 'Lunch'),
	('Hummus', 'Breakfast'),
	('Injera', 'Dinner'),
	('Kimchi', 'Dinner'),
	('Kitfo', 'Dinner'),
	('Kung Pao Chicken', 'Dinner'),
	('Kung Pao Chicken', 'Lunch'),
	('Kung Pao Shrimp', 'Dinner'),
	('Kung Pao Shrimp', 'Lunch'),
	('Lamb Tagine', 'Dinner'),
	('Lasagna', 'Dinner'),
	('Lasagna', 'Lunch'),
	('Mapo Tofu', 'Dinner'),
	('Mapo Tofu', 'Lunch'),
	('Margherita Pizza', 'Dinner'),
	('Miso Soup', 'Breakfast'),
	('Moussaka', 'Dinner'),
	('Moussaka', 'Lunch'),
	('Osso Buco', 'Dinner'),
	('Osso Buco', 'Lunch'),
	('Pad Thai', 'Dinner'),
	('Pad Thai', 'Lunch'),
	('Paella', 'Dinner'),
	('Paella', 'Lunch'),
	('Palak Paneer', 'Dinner'),
	('Palak Paneer', 'Lunch'),
	('Paneer Tikka', 'Dinner'),
	('Paneer Tikka', 'Lunch'),
	('Pao de Queijo', 'Breakfast'),
	('Pasta Primavera', 'Dinner'),
	('Pasta Primavera', 'Lunch'),
	('Peking Duck', 'Dinner'),
	('Peking Duck', 'Lunch'),
	('Pho', 'Dinner'),
	('Ratatouille', 'Dinner'),
	('Ratatouille', 'Lunch'),
	('Sashimi', 'Lunch'),
	('Shakshuka', 'Breakfast'),
	('Spaghetti Carbonara', 'Dinner'),
	('Spaghetti Carbonara', 'Lunch'),
	('Spanakopita', 'Dinner'),
	('Spanakopita', 'Lunch'),
	('Spring Rolls', 'Lunch'),
	('Sushi Rolls', 'Breakfast'),
	('Tabbouleh', 'Breakfast'),
	('Tacos al Pastor', 'Dinner'),
	('Tacos al Pastor', 'Lunch'),
	('Tempura', 'Dinner'),
	('Tempura', 'Lunch'),
	('Tempura Vegetables', 'Lunch'),
	('Thai Green Curry', 'Dinner'),
	('Thai Green Curry', 'Lunch'),
	('Tiramisu', 'Breakfast'),
	('Tiramisu', 'Dessert'),
	('Tofu Curry', 'Dinner'),
	('Tofu Curry', 'Lunch'),
	('Tom Kha Gai', 'Dinner'),
	('Tom Kha Gai', 'Lunch'),
	('Tom Yum Soup', 'Dinner'),
	('Tom Yum Soup', 'Lunch'),
	('Tortilla Espaniola', 'Breakfast'),
	('Vietnamese Spring Rolls', 'Dinner'),
	('Vietnamese Spring Rolls', 'Lunch'),
	('Turkish Lamb Kebab', 'Dinner'),
	('Russian Beef Stroganoff', 'Dinner');
	
INSERT INTO `nutrition_information` (`info_id`, `recipe_name`, `gram_fat`, `gram_prot`, `gram_carbo`, `calories`) VALUES
	(1, 'Spaghetti Carbonara', 15, 25, 30, NULL),
	(2, 'Coq au Vin', 20, 30, 20, NULL),
	(3, 'Kung Pao Chicken', 18, 28, 25, NULL),
	(4, 'Chicken Tikka Masala', 22, 24, 35, NULL),
	(5, 'Tacos al Pastor', 12, 20, 15, NULL),
	(6, 'Sushi Rolls', 8, 15, 40, NULL),
	(7, 'Tom Yum Soup', 5, 10, 15, NULL),
	(8, 'Greek Salad', 10, 5, 20, NULL),
	(9, 'Paella', 15, 30, 40, NULL),
	(10, 'Hummus', 10, 5, 20, NULL),
	(11, 'Margherita Pizza', 20, 15, 30, NULL),
	(12, 'Beef Bourguignon', 25, 35, 20, NULL),
	(13, 'Mapo Tofu', 10, 20, 15, NULL),
	(14, 'Chicken Biryani', 30, 25, 45, NULL),
	(15, 'Guacamole', 15, 5, 20, NULL),
	(16, 'Tempura', 12, 18, 30, NULL),
	(17, 'Pad Thai', 15, 20, 40, NULL),
	(18, 'Moussaka', 20, 25, 35, NULL),
	(19, 'Gazpacho', 5, 2, 10, NULL),
	(20, 'Falafel', 10, 15, 25, NULL),
	(21, 'Lasagna', 25, 20, 35, NULL),
	(22, 'Ratatouille', 10, 5, 25, NULL),
	(23, 'Peking Duck', 30, 35, 20, NULL),
	(24, 'Palak Paneer', 15, 20, 25, NULL),
	(25, 'Chiles en Nogada', 18, 20, 30, NULL),
	(26, 'Sashimi', 5, 20, 10, NULL),
	(27, 'Tom Kha Gai', 8, 12, 15, NULL),
	(28, 'Dolmades', 12, 5, 25, NULL),
	(29, 'Fattoush', 8, 5, 20, NULL),
	(30, 'Carbonnade Flamande', 25, 30, 25, NULL),
	(31, 'Tiramisu', 20, 10, 40, NULL),
	(32, 'Crepes Suzette', 18, 8, 35, NULL),
	(33, 'Kung Pao Shrimp', 15, 22, 30, NULL),
	(34, 'Butter Chicken', 20, 25, 30, NULL),
	(35, 'Enchiladas', 22, 18, 25, NULL),
	(36, 'Tempura Vegetables', 10, 8, 30, NULL),
	(37, 'Thai Green Curry', 12, 15, 25, NULL),
	(38, 'Spanakopita', 15, 10, 30, NULL),
	(39, 'Tabbouleh', 5, 8, 20, NULL),
	(40, 'Osso Buco', 30, 35, 25, NULL),
	(41, 'Hot and Sour Soup', 8, 10, 15, NULL),
	(42, 'Paneer Tikka', 12, 18, 25, NULL),
	(43, 'Chilaquiles', 20, 15, 30, NULL),
	(44, 'Miso Soup', 5, 10, 10, NULL),
	(45, 'Ceviche', 10, 20, 15, NULL),
	(46, 'Eggplant Parmesan', 18, 15, 30, NULL),
	(47, 'Vietnamese Spring Rolls', 8, 12, 20, NULL),
	(48, 'Chicken Korma', 20, 25, 35, NULL),
	(49, 'Caprese Pizza', 20, 15, 30, NULL),
	(50, 'Gyoza', 15, 20, 25, NULL),
	(51, 'Pasta Primavera', 12, 15, 35, NULL),
	(52, 'Tofu Curry', 10, 18, 25, NULL),
	(53, 'Pho', 8, 12, 25, NULL),
	(54, 'Banh Mi', 12, 18, 30, NULL),
	(55, 'Spring Rolls', 6, 8, 15, NULL),
	(56, 'Beef Stew', 20, 25, 35, NULL),
	(57, 'Apple Pie', 15, 10, 40, NULL),
	(58, 'BBQ Ribs', 30, 28, 15, NULL),
	(59, 'Feijoada', 25, 30, 20, NULL),
	(60, 'Pao de Queijo', 18, 12, 22, NULL),
	(61, 'Brigadeiro', 8, 5, 20, NULL),
	(62, 'Kimchi', 3, 2, 5, NULL),
	(63, 'Bibimbap', 15, 20, 30, NULL),
	(64, 'Bulgogi', 18, 22, 25, NULL),
	(65, 'Doro Wat', 22, 28, 18, NULL),
	(66, 'Injera', 5, 3, 10, NULL),
	(67, 'Kitfo', 25, 30, 15, NULL),
	(68, 'Lamb Tagine', 20, 30, 40, NULL),
	(69, 'Tortilla Espaniola', 15, 25, 35, NULL),
	(70, 'Shakshuka', 10, 20, 30, NULL),
	(71, 'Turkish Lamb Kebab', 50, 60, 10, NULL),
	(72,'Russian Beef Stroganoff', 40, 50, 20, NULL);
	
INSERT INTO `recipes_equipment` (`recipe_name`, `equipment_name`) VALUES
	('Chiles en Nogada', 'Baking Dish'),
	('Eggplant Parmesan', 'Baking Dish'),
	('Enchiladas', 'Baking Dish'),
	('Lasagna', 'Baking Dish'),
	('Moussaka', 'Baking Dish'),
	('Ratatouille', 'Baking Dish'),
	('Spanakopita', 'Baking Dish'),
	('Tiramisu', 'Baking Dish'),
	('Banh Mi', 'Baking Sheet'),
	('Caprese Pizza', 'Baking Sheet'),
	('Margherita Pizza', 'Baking Sheet'),
	('Pao de Queijo', 'Baking Sheet'),
	('Sushi Rolls', 'Bamboo Mat'),
	('Gazpacho', 'Blender'),
	('Palak Paneer', 'Blender'),
	('Pho', 'Chopsticks'),
	('Crepes Suzette', 'Crepe Pan'),
	('Beef Bourguignon', 'Cutting Board'),
	('Carbonnade Flamande', 'Cutting Board'),
	('Ceviche', 'Cutting Board'),
	('Coq au Vin', 'Cutting Board'),
	('Fattoush', 'Cutting Board'),
	('Greek Salad', 'Cutting Board'),
	('Hot and Sour Soup', 'Cutting Board'),
	('Kitfo', 'Cutting Board'),
	('Lamb Tagine', 'Cutting Board'),
	('Moussaka', 'Cutting Board'),
	('Osso Buco', 'Cutting Board'),
	('Ratatouille', 'Cutting Board'),
	('Shakshuka', 'Cutting Board'),
	('Spring Rolls', 'Cutting Board'),
	('Tabbouleh', 'Cutting Board'),
	('Tacos al Pastor', 'Cutting Board'),
	('Tom Kha Gai', 'Cutting Board'),
	('Tom Yum Soup', 'Cutting Board'),
	('Tortilla Espaniola', 'Cutting Board'),
	('Vietnamese Spring Rolls', 'Cutting Board'),
	('Tempura', 'Deep Fryer'),
	('Tempura Vegetables', 'Deep Fryer'),
	('Beef Bourguignon', 'Dutch Oven'),
	('Beef Stew', 'Dutch Oven'),
	('Carbonnade Flamande', 'Dutch Oven'),
	('Coq au Vin', 'Dutch Oven'),
	('Lamb Tagine', 'Dutch Oven'),
	('Osso Buco', 'Dutch Oven'),
	('Falafel', 'Food Processor'),
	('Hummus', 'Food Processor'),
	('Guacamole', 'Fork'),
	('Butter Chicken', 'Frying Pan'),
	('Chicken Korma', 'Frying Pan'),
	('Chicken Tikka Masala', 'Frying Pan'),
	('Chilaquiles', 'Frying Pan'),
	('Falafel', 'Frying Pan'),
	('Gyoza', 'Frying Pan'),
	('Spaghetti Carbonara', 'Frying Pan'),
	('Tortilla Espaniola', 'Frying Pan'),
	('Injera', 'Griddle'),
	('BBQ Ribs', 'Grill'),
	('Bulgogi', 'Grill'),
	('Paneer Tikka', 'Grill'),
	('Tacos al Pastor', 'Grill'),
	('Beef Bourguignon', 'Knife'),
	('Carbonnade Flamande', 'Knife'),
	('Ceviche', 'Knife'),
	('Chicken Tikka Masala', 'Knife'),
	('Chiles en Nogada', 'Knife'),
	('Coq au Vin', 'Knife'),
	('Doro Wat', 'Knife'),
	('Eggplant Parmesan', 'Knife'),
	('Enchiladas', 'Knife'),
	('Fattoush', 'Knife'),
	('Gazpacho', 'Knife'),
	('Greek Salad', 'Knife'),
	('Guacamole', 'Knife'),
	('Hot and Sour Soup', 'Knife'),
	('Kimchi', 'Knife'),
	('Kitfo', 'Knife'),
	('Lamb Tagine', 'Knife'),
	('Miso Soup', 'Knife'),
	('Moussaka', 'Knife'),
	('Osso Buco', 'Knife'),
	('Palak Paneer', 'Knife'),
	('Peking Duck', 'Knife'),
	('Ratatouille', 'Knife'),
	('Shakshuka', 'Knife'),
	('Spring Rolls', 'Knife'),
	('Tabbouleh', 'Knife'),
	('Tacos al Pastor', 'Knife'),
	('Tom Kha Gai', 'Knife'),
	('Tom Yum Soup', 'Knife'),
	('Tortilla Espaniola', 'Knife'),
	('Vietnamese Spring Rolls', 'Knife'),
	('Chicken Biryani', 'Large Pot'),
	('Dolmades', 'Large Pot'),
	('Feijoada', 'Large Pot'),
	('Apple Pie', 'Mixing Bowl'),
	('Butter Chicken', 'Mixing Bowl'),
	('Caprese Pizza', 'Mixing Bowl'),
	('Ceviche', 'Mixing Bowl'),
	('Chicken Biryani', 'Mixing Bowl'),
	('Chicken Korma', 'Mixing Bowl'),
	('Chicken Tikka Masala', 'Mixing Bowl'),
	('Chilaquiles', 'Mixing Bowl'),
	('Crepes Suzette', 'Mixing Bowl'),
	('Dolmades', 'Mixing Bowl'),
	('Eggplant Parmesan', 'Mixing Bowl'),
	('Falafel', 'Mixing Bowl'),
	('Fattoush', 'Mixing Bowl'),
	('Gazpacho', 'Mixing Bowl'),
	('Greek Salad', 'Mixing Bowl'),
	('Guacamole', 'Mixing Bowl'),
	('Gyoza', 'Mixing Bowl'),
	('Hummus', 'Mixing Bowl'),
	('Kimchi', 'Mixing Bowl'),
	('Kung Pao Chicken', 'Mixing Bowl'),
	('Kung Pao Shrimp', 'Mixing Bowl'),
	('Lasagna', 'Mixing Bowl'),
	('Mapo Tofu', 'Mixing Bowl'),
	('Margherita Pizza', 'Mixing Bowl'),
	('Miso Soup', 'Mixing Bowl'),
	('Pad Thai', 'Mixing Bowl'),
	('Paella', 'Mixing Bowl'),
	('Paneer Tikka', 'Mixing Bowl'),
	('Pao de Queijo', 'Mixing Bowl'),
	('Pasta Primavera', 'Mixing Bowl'),
	('Sashimi', 'Mixing Bowl'),
	('Spaghetti Carbonara', 'Mixing Bowl'),
	('Spanakopita', 'Mixing Bowl'),
	('Sushi Rolls', 'Mixing Bowl'),
	('Tabbouleh', 'Mixing Bowl'),
	('Tempura', 'Mixing Bowl'),
	('Tempura Vegetables', 'Mixing Bowl'),
	('Thai Green Curry', 'Mixing Bowl'),
	('Tiramisu', 'Mixing Bowl'),
	('Tofu Curry', 'Mixing Bowl'),
	('Vietnamese Spring Rolls', 'Mixing Bowl'),
	('Brigadeiro', 'Mixing Spoon'),
	('Caprese Pizza', 'Oven'),
	('Chiles en Nogada', 'Oven'),
	('Enchiladas', 'Oven'),
	('Margherita Pizza', 'Oven'),
	('Peking Duck', 'Oven'),
	('Spanakopita', 'Oven'),
	('Paella', 'Paella Pan'),
	('Apple Pie', 'Pie Pan'),
	('Bibimbap', 'Rice Cooker'),
	('Peking Duck', 'Roasting Pan'),
	('Apple Pie', 'Rolling Pin'),
	('Brigadeiro', 'Saucepan'),
	('Doro Wat', 'Saucepan'),
	('Hot and Sour Soup', 'Saucepan'),
	('Miso Soup', 'Saucepan'),
	('Palak Paneer', 'Saucepan'),
	('Pasta Primavera', 'Saucepan'),
	('Shakshuka', 'Saucepan'),
	('Spaghetti Carbonara', 'Saucepan'),
	('Thai Green Curry', 'Saucepan'),
	('Tofu Curry', 'Saucepan'),
	('Tom Kha Gai', 'Saucepan'),
	('Tom Yum Soup', 'Saucepan'),
	('Beef Stew', 'Serving Plate'),
	('Feijoada', 'Serving Plate'),
	('Sashimi', 'Serving Plate'),
	('Sashimi', 'Sharp Knife'),
	('Sushi Rolls', 'Sharp Knife'),
	('Pho', 'Soup Spoons'),
	('Butter Chicken', 'Spatula'),
	('Chicken Biryani', 'Spatula'),
	('Chicken Korma', 'Spatula'),
	('Chilaquiles', 'Spatula'),
	('Crepes Suzette', 'Spatula'),
	('Dolmades', 'Spatula'),
	('Gyoza', 'Spatula'),
	('Hummus', 'Spatula'),
	('Injera', 'Spatula'),
	('Kung Pao Chicken', 'Spatula'),
	('Kung Pao Shrimp', 'Spatula'),
	('Lasagna', 'Spatula'),
	('Mapo Tofu', 'Spatula'),
	('Pad Thai', 'Spatula'),
	('Paella', 'Spatula'),
	('Paneer Tikka', 'Spatula'),
	('Pasta Primavera', 'Spatula'),
	('Thai Green Curry', 'Spatula'),
	('Tofu Curry', 'Spatula'),
	('Pho', 'Stock Pot'),
	('Pho', 'Strainer'),
	('BBQ Ribs', 'Tongs'),
	('Bulgogi', 'Tongs'),
	('Tempura', 'Tongs'),
	('Tempura Vegetables', 'Tongs'),
	('Tiramisu', 'Whisk'),
	('Bibimbap', 'Wok'),
	('Kung Pao Chicken', 'Wok'),
	('Kung Pao Shrimp', 'Wok'),
	('Mapo Tofu', 'Wok'),
	('Pad Thai', 'Wok'),
	('Turkish Lamb Kebab', 'Grill'),
   ('Russian Beef Stroganoff', 'Frying Pan'),
   ('Russian Beef Stroganoff', 'Knife');
	
INSERT INTO `recipes_ingredients` (`recipe_name`, `ingredient_name`, `quantity_gr`, `quantity_approx`) VALUES
	('Apple Pie', 'Apple', NULL, '5'),
	('Apple Pie', 'Apples', 500, NULL),
	('Apple Pie', 'Butter', 100, NULL),
	('Apple Pie', 'Flour', 200, NULL),
	('Apple Pie', 'Sugar', 150, NULL),
	('Banh Mi', 'Baguette', 200, NULL),
	('Banh Mi', 'Cilantro', 10, NULL),
	('Banh Mi', 'Pickled Carrots', 50, NULL),
	('Banh Mi', 'Pork', 150, NULL),
	('BBQ Ribs', 'BBQ Sauce', 200, NULL),
	('BBQ Ribs', 'Garlic Powder', 10, NULL),
	('BBQ Ribs', 'Onion Powder', 10, NULL),
	('BBQ Ribs', 'Pork Ribs', 1000, NULL),
	('Beef Bourguignon', 'Beef', 800, NULL),
	('Beef Bourguignon', 'Beef broth', NULL, '1 cup'),
	('Beef Bourguignon', 'Carrots', 100, NULL),
	('Beef Bourguignon', 'Red wine', 500, NULL),
	('Beef Stew', 'Beef', 800, NULL),
	('Beef Stew', 'Carrots', 200, NULL),
	('Beef Stew', 'Onions', 100, NULL),
	('Beef Stew', 'Potatoes', 300, NULL),
	('Bibimbap', 'Beef', 150, NULL),
	('Bibimbap', 'Carrot', 50, NULL),
	('Bibimbap', 'Rice', 200, NULL),
	('Bibimbap', 'Spinach', 50, NULL),
	('Brigadeiro', 'Butter', 30, NULL),
	('Brigadeiro', 'Chocolate Sprinkles', 100, NULL),
	('Brigadeiro', 'Cocoa Powder', 50, NULL),
	('Brigadeiro', 'Condensed Milk', 400, NULL),
	('Bulgogi', 'Beef', 500, NULL),
	('Bulgogi', 'Garlic', 20, NULL),
	('Bulgogi', 'Soy Sauce', 50, NULL),
	('Bulgogi', 'Sugar', 30, NULL),
	('Butter Chicken', 'Butter', 100, NULL),
	('Butter Chicken', 'Chicken', 600, NULL),
	('Butter Chicken', 'Cream', NULL, '1/2 cup'),
	('Butter Chicken', 'Garam masala', NULL, '1 teaspoon'),
	('Butter Chicken', 'Kashmiri chili powder', NULL, '1 teaspoon'),
	('Butter Chicken', 'Kasuri methi (dried fenugreek leaves)', NULL, '1 teaspoon'),
	('Caprese Pizza', 'Balsamic glaze', NULL, '2 tablespoons'),
	('Caprese Pizza', 'Basil leaves', NULL, '1/4 cup'),
	('Caprese Pizza', 'Pizza dough', 300, NULL),
	('Caprese Pizza', 'Tomatoes', 200, NULL),
	('Carbonnade Flamande', 'Beef', 800, NULL),
	('Carbonnade Flamande', 'Beer', 500, NULL),
	('Carbonnade Flamande', 'Brown sugar', NULL, '2 tablespoons'),
	('Carbonnade Flamande', 'Mustard', NULL, '1 tablespoon'),
	('Carbonnade Flamande', 'Onions', 200, NULL),
	('Carbonnade Flamande', 'Thyme', NULL, '1 tablespoon'),
	('Ceviche', 'Cilantro', NULL, '1/4 cup'),
	('Ceviche', 'Fish', 500, NULL),
	('Ceviche', 'Lime juice', 200, NULL),
	('Ceviche', 'Red onion', NULL, '1/2'),
	('Chicken Biryani', 'Basmati rice', 400, NULL),
	('Chicken Biryani', 'Chicken', 600, NULL),
	('Chicken Biryani', 'Garam masala', NULL, '1 tablespoon'),
	('Chicken Biryani', 'Yogurt', 100, NULL),
	('Chicken Korma', 'Cashews', NULL, '1/4 cup'),
	('Chicken Korma', 'Chicken', 600, NULL),
	('Chicken Korma', 'Ghee', NULL, '2 tablespoons'),
	('Chicken Korma', 'Yogurt', 200, NULL),
	('Chicken Tikka Masala', 'Chicken', 600, NULL),
	('Chicken Tikka Masala', 'Ginger garlic paste', NULL, '1 tablespoon'),
	('Chicken Tikka Masala', 'Tomato sauce', 500, NULL),
	('Chicken Tikka Masala', 'Yogurt', 100, NULL),
	('Chilaquiles', 'Cilantro', NULL, '1/4 cup'),
	('Chilaquiles', 'Cotija cheese', NULL, '1/4 cup'),
	('Chilaquiles', 'Salsa', 200, NULL),
	('Chilaquiles', 'Tortillas', 300, NULL),
	('Chiles en Nogada', 'Apple', NULL, '1 small'),
	('Chiles en Nogada', 'Poblano peppers', 600, NULL),
	('Chiles en Nogada', 'Pomegranate seeds', NULL, '1/4 cup'),
	('Chiles en Nogada', 'Walnuts', 100, NULL),
	('Coq au Vin', 'Carrots', 100, NULL),
	('Coq au Vin', 'Chicken', 1000, NULL),
	('Coq au Vin', 'Onion', 200, NULL),
	('Coq au Vin', 'Red wine', 500, NULL),
	('Crepes Suzette', 'Butter', NULL, '1/4 cup'),
	('Crepes Suzette', 'Flour', 300, NULL),
	('Crepes Suzette', 'Grand Marnier', NULL, '1/4 cup'),
	('Crepes Suzette', 'Oranges', 200, NULL),
	('Dolmades', 'Dill', NULL, '2 tablespoons'),
	('Dolmades', 'Grape leaves', 300, NULL),
	('Dolmades', 'Lemon juice', NULL, '2 tablespoons'),
	('Dolmades', 'Rice', 200, NULL),
	('Doro Wat', 'Berbere Spice', 30, NULL),
	('Doro Wat', 'Chicken', 1000, NULL),
	('Doro Wat', 'Garlic', 20, NULL),
	('Doro Wat', 'Onions', 200, NULL),
	('Eggplant Parmesan', 'Breadcrumbs', NULL, '1/4 cup'),
	('Eggplant Parmesan', 'Eggplant', 500, NULL),
	('Eggplant Parmesan', 'Mozzarella cheese', 100, NULL),
	('Eggplant Parmesan', 'Tomato sauce', 300, NULL),
	('Enchiladas', 'Black beans', NULL, '1/2 cup'),
	('Enchiladas', 'Black olives', 50, NULL),
	('Enchiladas', 'Cheese', 200, NULL),
	('Enchiladas', 'Enchilada sauce', NULL, '1 cup'),
	('Enchiladas', 'Green chilies', NULL, '2'),
	('Enchiladas', 'Tortillas', 300, NULL),
	('Falafel', 'Chickpeas', 400, NULL),
	('Falafel', 'Cilantro', 100, NULL),
	('Falafel', 'Cumin', NULL, '1 teaspoon'),
	('Falafel', 'Garlic', NULL, '3 cloves'),
	('Fattoush', 'Mixed greens', 300, NULL),
	('Fattoush', 'Pita chips', 100, NULL),
	('Fattoush', 'Radishes', NULL, '4'),
	('Fattoush', 'Sumac', NULL, '1 teaspoon'),
	('Feijoada', 'Black Beans', 500, NULL),
	('Feijoada', 'Chorizo', 200, NULL),
	('Feijoada', 'Garlic', 20, NULL),
	('Feijoada', 'Pork', 400, NULL),
	('Gazpacho', 'Cucumber', 200, NULL),
	('Gazpacho', 'Red bell pepper', 100, NULL),
	('Gazpacho', 'Red onion', NULL, '1/2'),
	('Gazpacho', 'Tomato', 300, NULL),
	('Greek Salad', 'Cucumber', 200, NULL),
	('Greek Salad', 'Feta cheese', 100, NULL),
	('Greek Salad', 'Kalamata olives', 50, NULL),
	('Greek Salad', 'Tomato', 300, NULL),
	('Guacamole', 'Avocado', 400, NULL),
	('Guacamole', 'Lime juice', NULL, '1 lime'),
	('Guacamole', 'Red onion', NULL, 'half'),
	('Guacamole', 'Tomato', 200, NULL),
	('Gyoza', 'Cabbage', 200, NULL),
	('Gyoza', 'Pork', 400, NULL),
	('Gyoza', 'Sesame oil', NULL, '1 teaspoon'),
	('Gyoza', 'Soy sauce', NULL, '1/4 cup'),
	('Hot and Sour Soup', 'Black vinegar', NULL, '2 tablespoons'),
	('Hot and Sour Soup', 'Mushrooms', 200, NULL),
	('Hot and Sour Soup', 'Tofu', 300, NULL),
	('Hot and Sour Soup', 'White pepper', NULL, '1 teaspoon'),
	('Hummus', 'Chickpeas', 400, NULL),
	('Hummus', 'Garlic', NULL, '2 cloves'),
	('Hummus', 'Lemon juice', 50, NULL),
	('Hummus', 'Tahini', 100, NULL),
	('Injera', 'Salt', 10, NULL),
	('Injera', 'Teff Flour', 300, NULL),
	('Injera', 'Water', 200, NULL),
	('Injera', 'Yeast', 5, NULL),
	('Kimchi', 'Cabbage', NULL, '1'),
	('Kimchi', 'Garlic', 20, NULL),
	('Kimchi', 'Gochugaru', 30, NULL),
	('Kimchi', 'Napa Cabbage', 1000, NULL),
	('Kimchi', 'Salt', 50, NULL),
	('Kitfo', 'Beef', 500, NULL),
	('Kitfo', 'Clarified Butter', 100, NULL),
	('Kitfo', 'Mitmita Spice', 10, NULL),
	('Kitfo', 'Salt', 10, NULL),
	('Kung Pao Chicken', 'Bell peppers', 150, NULL),
	('Kung Pao Chicken', 'Chicken', 500, NULL),
	('Kung Pao Chicken', 'Green onions', NULL, '2 stalks'),
	('Kung Pao Chicken', 'Peanuts', 100, NULL),
	('Kung Pao Shrimp', 'Bell peppers', 200, NULL),
	('Kung Pao Shrimp', 'Ginger', NULL, '1 inch piece'),
	('Kung Pao Shrimp', 'Green onions', NULL, '2 stalks'),
	('Kung Pao Shrimp', 'Shrimp', 400, NULL),
	('Lamb Tagine', 'Bell Peppers', 100, NULL),
	('Lamb Tagine', 'Cumin', 5, NULL),
	('Lamb Tagine', 'Garlic', 20, NULL),
	('Lamb Tagine', 'Lamb', 1000, NULL),
	('Lamb Tagine', 'Olive Oil', 30, NULL),
	('Lamb Tagine', 'Onion', 150, NULL),
	('Lamb Tagine', 'Paprika', 5, NULL),
	('Lamb Tagine', 'Tomato', 200, NULL),
	('Lamb Tagine', 'Turmeric', 3, NULL),
	('Lasagna', 'Ground beef', 500, NULL),
	('Lasagna', 'Pasta', 400, NULL),
	('Lasagna', 'Ricotta cheese', 200, NULL),
	('Lasagna', 'Tomato sauce', 200, NULL),
	('Mapo Tofu', 'Green onions', NULL, '2 stalks'),
	('Mapo Tofu', 'Ground pork', 300, NULL),
	('Mapo Tofu', 'Sichuan peppercorns', NULL, 'a few'),
	('Mapo Tofu', 'Tofu', 500, NULL),
	('Margherita Pizza', 'Fresh basil', 50, NULL),
	('Margherita Pizza', 'Mozzarella cheese', 200, NULL),
	('Margherita Pizza', 'Pizza dough', 300, NULL),
	('Margherita Pizza', 'Tomatoes', 100, NULL),
	('Miso Soup', 'Bonito flakes', NULL, 'a few'),
	('Miso Soup', 'Green onions', NULL, '2 stalks'),
	('Miso Soup', 'Mirin', NULL, '2 tablespoons'),
	('Miso Soup', 'Seaweed', 100, NULL),
	('Miso Soup', 'Silken tofu', NULL, '1 block'),
	('Miso Soup', 'Tofu', 300, NULL),
	('Moussaka', 'Eggplant', 500, NULL),
	('Moussaka', 'Ground lamb', 400, NULL),
	('Moussaka', 'Potatoes', 200, NULL),
	('Moussaka', 'Tomatoes', 200, NULL),
	('Osso Buco', 'Carrots', 100, NULL),
	('Osso Buco', 'Celery', 100, NULL),
	('Osso Buco', 'Veal', 1000, NULL),
	('Osso Buco', 'Veal shanks', 800, NULL),
	('Osso Buco', 'White wine', 500, NULL),
	('Pad Thai', 'Bean sprouts', 100, NULL),
	('Pad Thai', 'Noodles', 300, NULL),
	('Pad Thai', 'Shrimp', 400, NULL),
	('Pad Thai', 'Tamarind paste', NULL, '1 tablespoon'),
	('Paella', 'Bell peppers', 150, NULL),
	('Paella', 'Chicken', 600, NULL),
	('Paella', 'Rice', 400, NULL),
	('Paella', 'Saffron', NULL, 'a pinch'),
	('Palak Paneer', 'Garlic', NULL, '3 cloves'),
	('Palak Paneer', 'Ginger', NULL, '1 inch piece'),
	('Palak Paneer', 'Paneer cheese', 300, NULL),
	('Palak Paneer', 'Spinach', 500, NULL),
	('Paneer Tikka', 'Lemon juice', NULL, '1 lemon'),
	('Paneer Tikka', 'Paneer', 500, NULL),
	('Paneer Tikka', 'Paneer cheese', 300, NULL),
	('Paneer Tikka', 'Tandoori masala', NULL, '2 tablespoons'),
	('Paneer Tikka', 'Yogurt', 200, NULL),
	('Pao de Queijo', 'Cheese', 500, NULL),
	('Pao de Queijo', 'Eggs', NULL, '2'),
	('Pao de Queijo', 'Milk', 200, NULL),
	('Pao de Queijo', 'Parmesan Cheese', 100, NULL),
	('Pao de Queijo', 'Tapioca Flour', 250, NULL),
	('Pasta Primavera', 'Heavy cream', NULL, '1/2 cup'),
	('Pasta Primavera', 'Mixed vegetables', 200, NULL),
	('Pasta Primavera', 'Parmesan cheese', NULL, '1/4 cup'),
	('Pasta Primavera', 'Pasta', 300, NULL),
	('Peking Duck', 'Cucumber', NULL, '1/2'),
	('Peking Duck', 'Duck', 1000, NULL),
	('Peking Duck', 'Green onions', NULL, '2 stalks'),
	('Peking Duck', 'Hoisin sauce', 200, NULL),
	('Pho', 'Beef', 500, NULL),
	('Pho', 'Cinnamon Stick', 5, NULL),
	('Pho', 'Ginger', 50, NULL),
	('Pho', 'Rice Noodles', 200, NULL),
	('Ratatouille', 'Bell peppers', 100, NULL),
	('Ratatouille', 'Eggplant', 300, NULL),
	('Ratatouille', 'Tomatoes', 100, NULL),
	('Ratatouille', 'Vegetables', NULL, 'a lot of'),
	('Ratatouille', 'Zucchini', 300, NULL),
	('Sashimi', 'Fish', 500, NULL),
	('Sashimi', 'Pickled ginger', NULL, '1 tablespoon'),
	('Sashimi', 'Soy sauce', 100, NULL),
	('Sashimi', 'Wasabi', NULL, '1 teaspoon'),
	('Shakshuka', 'Egg', 4, NULL),
	('Shakshuka', 'Garlic', 20, NULL),
	('Shakshuka', 'Olive Oil', 30, NULL),
	('Shakshuka', 'Onion', 100, NULL),
	('Shakshuka', 'Tomato', 400, NULL),
	('Spaghetti Carbonara', 'Bacon', 100, NULL),
	('Spaghetti Carbonara', 'Egg', NULL, '3'),
	('Spaghetti Carbonara', 'Parmesan cheese', 50, NULL),
	('Spaghetti Carbonara', 'Spaghetti', 200, NULL),
	('Spanakopita', 'Dill', NULL, '2 tablespoons'),
	('Spanakopita', 'Feta cheese', 200, NULL),
	('Spanakopita', 'Nutmeg', NULL, '1 teaspoon'),
	('Spanakopita', 'Onion', 100, NULL),
	('Spanakopita', 'Phyllo dough', 200, NULL),
	('Spanakopita', 'Spinach', 500, NULL),
	('Spring Rolls', 'Mint', 10, NULL),
	('Spring Rolls', 'Rice Paper', 100, NULL),
	('Spring Rolls', 'Shrimp', 150, NULL),
	('Spring Rolls', 'Vermicelli Noodles', 50, NULL),
	('Sushi Rolls', 'Avocado', 100, NULL),
	('Sushi Rolls', 'Cucumber', 50, NULL),
	('Sushi Rolls', 'Nori (seaweed)', NULL, '100 sheets'),
	('Sushi Rolls', 'Rice', 300, NULL),
	('Tabbouleh', 'Bulgur wheat', 200, NULL),
	('Tabbouleh', 'Mint leaves', NULL, '1/4 cup'),
	('Tabbouleh', 'Parsley', 300, NULL),
	('Tabbouleh', 'Tomatoes', 100, NULL),
	('Tacos al Pastor', 'Cilantro', 50, NULL),
	('Tacos al Pastor', 'Onion', NULL, '1 small'),
	('Tacos al Pastor', 'Pineapple', 200, NULL),
	('Tacos al Pastor', 'Pork', 800, NULL),
	('Tempura', 'Seafood', 500, NULL),
	('Tempura', 'Soy sauce', NULL, '1/4 cup'),
	('Tempura', 'Tempura batter', 100, NULL),
	('Tempura', 'Vegetables', 300, NULL),
	('Tempura Vegetables', 'Rice vinegar', NULL, '2 tablespoons'),
	('Tempura Vegetables', 'Soy sauce', NULL, '1/4 cup'),
	('Tempura Vegetables', 'Tempura batter', 100, NULL),
	('Tempura Vegetables', 'Vegetables', 400, NULL),
	('Thai Green Curry', 'Chicken', 600, NULL),
	('Thai Green Curry', 'Coconut milk', 400, NULL),
	('Thai Green Curry', 'Green curry paste', NULL, '2 tablespoons'),
	('Thai Green Curry', 'Thai basil', NULL, '1/4 cup'),
	('Tiramisu', 'Cocoa powder', NULL, '2 tablespoons'),
	('Tiramisu', 'Espresso', NULL, '1/4 cup'),
	('Tiramisu', 'Ladyfingers', 300, NULL),
	('Tiramisu', 'Marsala wine', NULL, '1/4 cup'),
	('Tiramisu', 'Mascarpone cheese', 200, NULL),
	('Tiramisu', 'Milk', NULL, '1/2 cup'),
	('Tofu Curry', 'Coconut milk', 200, NULL),
	('Tofu Curry', 'Curry powder', NULL, '2 tablespoons'),
	('Tofu Curry', 'Red bell pepper', 100, NULL),
	('Tofu Curry', 'Tofu', 400, NULL),
	('Tom Kha Gai', 'Chicken', 600, NULL),
	('Tom Kha Gai', 'Coconut milk', 400, NULL),
	('Tom Kha Gai', 'Galangal', NULL, '2 slices'),
	('Tom Kha Gai', 'Kaffir lime leaves', 10, NULL),
	('Tom Yum Soup', 'Lemongrass', 50, NULL),
	('Tom Yum Soup', 'Mushrooms', 100, NULL),
	('Tom Yum Soup', 'Shrimp', 400, NULL),
	('Tom Yum Soup', 'Thai chilies', 10, NULL),
	('Tortilla Espaniola', 'Bell Peppers', 100, NULL),
	('Tortilla Espaniola', 'Egg', 300, NULL),
	('Tortilla Espaniola', 'Olive Oil', 30, NULL),
	('Tortilla Espaniola', 'Onion', 100, NULL),
	('Tortilla Espaniola', 'Potato', 300, NULL),
	('Vietnamese Spring Rolls', 'Mint leaves', NULL, '1/4 cup'),
	('Vietnamese Spring Rolls', 'Rice paper', NULL, '20 sheets'),
	('Vietnamese Spring Rolls', 'Rice vermicelli', 200, NULL),
	('Vietnamese Spring Rolls', 'Shrimp', 400, NULL),
	('Turkish Lamb Kebab', 'Lamb', 800, NULL),
	('Turkish Lamb Kebab', 'Onion', 200, NULL),
	('Turkish Lamb Kebab', 'Garlic', NULL, '2 cloves'),
   ('Turkish Lamb Kebab', 'Cumin', 5, NULL),
   ('Russian Beef Stroganoff', 'Beef', 600, NULL),
   ('Russian Beef Stroganoff', 'Onion', 150, NULL),
   ('Russian Beef Stroganoff', 'Mushrooms', 200, NULL),
   ('Russian Beef Stroganoff', 'Cream', 150, NULL);
	
INSERT INTO `steps` (`step_id`, `step_description`, `step_number`, `recipe_name`) VALUES
	(1, 'Cook pasta and bacon', 1, 'Spaghetti Carbonara'),
	(2, 'Mix eggs and cheese', 2, 'Spaghetti Carbonara'),
	(3, 'Combine with pasta and serve', 3, 'Spaghetti Carbonara'),
	(4, 'Marinate chicken in wine', 1, 'Coq au Vin'),
	(5, 'Saut bacon and vegetables', 2, 'Coq au Vin'),
	(6, 'Simmer chicken in sauce', 3, 'Coq au Vin'),
	(7, 'Marinate chicken and stir-fry', 1, 'Kung Pao Chicken'),
	(8, 'Add vegetables and peanuts', 2, 'Kung Pao Chicken'),
	(9, 'Thicken sauce and serve', 3, 'Kung Pao Chicken'),
	(10, 'Marinate chicken in yogurt and spices', 1, 'Chicken Tikka Masala'),
	(11, 'Grill chicken and simmer in sauce', 2, 'Chicken Tikka Masala'),
	(12, 'Serve with rice and naan', 3, 'Chicken Tikka Masala'),
	(13, 'Marinate pork in adobo sauce', 1, 'Tacos al Pastor'),
	(14, 'Slice pineapple and grill with pork', 2, 'Tacos al Pastor'),
	(15, 'Assemble tacos with toppings', 3, 'Tacos al Pastor'),
	(16, 'Prepare sushi rice and ingredients', 1, 'Sushi Rolls'),
	(17, 'Roll ingredients in nori and rice', 2, 'Sushi Rolls'),
	(18, 'Slice and serve with soy sauce', 3, 'Sushi Rolls'),
	(19, 'Boil broth with lemongrass and galangal', 1, 'Tom Yum Soup'),
	(20, 'Add shrimp and mushrooms', 2, 'Tom Yum Soup'),
	(21, 'Season with lime juice and chili', 3, 'Tom Yum Soup'),
	(22, 'Chop vegetables and olives', 1, 'Greek Salad'),
	(23, 'Toss with feta cheese and dressing', 2, 'Greek Salad'),
	(24, 'Serve with crusty bread', 3, 'Greek Salad'),
	(25, 'Saut onions, garlic, and peppers', 1, 'Paella'),
	(26, 'Add rice, broth, and saffron', 2, 'Paella'),
	(27, 'Simmer with seafood and chorizo', 3, 'Paella'),
	(28, 'Blend chickpeas, tahini, and garlic', 1, 'Hummus'),
	(29, 'Drizzle with olive oil and paprika', 2, 'Hummus'),
	(30, 'Serve with pita bread and vegetables', 3, 'Hummus'),
	(31, 'Stretch pizza dough and spread sauce', 1, 'Margherita Pizza'),
	(32, 'Layer with cheese and tomato slices', 2, 'Margherita Pizza'),
	(33, 'Bake until crust is golden', 3, 'Margherita Pizza'),
	(34, 'Saut bacon and beef', 1, 'Beef Bourguignon'),
	(35, 'Add onions, carrots, and wine', 2, 'Beef Bourguignon'),
	(36, 'Simmer until beef is tender', 3, 'Beef Bourguignon'),
	(37, 'Brown minced meat and tofu', 1, 'Mapo Tofu'),
	(38, 'Add spicy bean paste and sauce', 2, 'Mapo Tofu'),
	(39, 'Simmer until flavors meld', 3, 'Mapo Tofu'),
	(40, 'Marinate chicken and cook rice', 1, 'Chicken Biryani'),
	(41, 'Layer chicken and rice with spices', 2, 'Chicken Biryani'),
	(42, 'Steam until rice is cooked', 3, 'Chicken Biryani'),
	(43, 'Mash avocados and mix with tomatoes', 1, 'Guacamole'),
	(44, 'Season with lime juice and salt', 2, 'Guacamole'),
	(45, 'Serve with tortilla chips', 3, 'Guacamole'),
	(46, 'Prepare batter and heat oil', 1, 'Tempura'),
	(47, 'Dip seafood and vegetables', 2, 'Tempura'),
	(48, 'Fry until golden and crispy', 3, 'Tempura'),
	(49, 'Soak noodles and prepare sauce', 1, 'Pad Thai'),
	(50, 'Stir-fry noodles with tofu and shrimp', 2, 'Pad Thai'),
	(51, 'Toss with bean sprouts and peanuts', 3, 'Pad Thai'),
	(52, 'Slice and salt eggplant', 1, 'Moussaka'),
	(53, 'Layer with meat sauce and potatoes', 2, 'Moussaka'),
	(54, 'Top with bechamel sauce and bake', 3, 'Moussaka'),
	(55, 'Blend tomatoes, peppers, and cucumbers', 1, 'Gazpacho'),
	(56, 'Season with olive oil and vinegar', 2, 'Gazpacho'),
	(57, 'Chill before serving', 3, 'Gazpacho'),
	(58, 'Blend chickpeas, herbs, and spices', 1, 'Falafel'),
	(59, 'Form mixture into balls and fry', 2, 'Falafel'),
	(60, 'Serve with tahini sauce and pita', 3, 'Falafel'),
	(61, 'Cook pasta and prepare sauce', 1, 'Lasagna'),
	(62, 'Layer pasta, sauce, and cheese', 2, 'Lasagna'),
	(63, 'Bake until bubbly and golden', 3, 'Lasagna'),
	(64, 'Saut onions, garlic, and eggplant', 1, 'Ratatouille'),
	(65, 'Add zucchini, peppers, and tomatoes', 2, 'Ratatouille'),
	(66, 'Simmer until vegetables are tender', 3, 'Ratatouille'),
	(67, 'Marinate duck and roast', 1, 'Peking Duck'),
	(68, 'Serve with pancakes, sauce, and scallions', 2, 'Peking Duck'),
	(69, 'Blanch spinach and pure', 1, 'Palak Paneer'),
	(70, 'Saut paneer and spices', 2, 'Palak Paneer'),
	(71, 'Simmer in spinach sauce', 3, 'Palak Paneer'),
	(72, 'Roast peppers and prepare filling', 1, 'Chiles en Nogada'),
	(73, 'Stuff peppers and top with sauce', 2, 'Chiles en Nogada'),
	(74, 'Garnish with pomegranate seeds', 3, 'Chiles en Nogada'),
	(75, 'Slice fish and arrange on plate', 1, 'Sashimi'),
	(76, 'Serve with soy sauce, wasabi, and ginger', 2, 'Sashimi'),
	(77, 'Simmer broth with lemongrass and galangal', 1, 'Tom Kha Gai'),
	(78, 'Add chicken, mushrooms, and coconut milk', 2, 'Tom Kha Gai'),
	(79, 'Season with lime juice and chili', 3, 'Tom Kha Gai'),
	(80, 'Blanch grape leaves and prepare filling', 1, 'Dolmades'),
	(81, 'Roll grape leaves with filling', 2, 'Dolmades'),
	(82, 'Simmer in lemon juice and oil', 3, 'Dolmades'),
	(83, 'Toast pita bread and chop vegetables', 1, 'Fattoush'),
	(84, 'Toss with salad dressing and herbs', 2, 'Fattoush'),
	(85, 'Garnish with pita chips and serve', 3, 'Fattoush'),
	(86, 'Saut onions and beef', 1, 'Carbonnade Flamande'),
	(87, 'Add beer, broth, and seasonings', 2, 'Carbonnade Flamande'),
	(88, 'Simmer until beef is tender', 3, 'Carbonnade Flamande'),
	(89, 'Brew strong coffee and prepare cream', 1, 'Tiramisu'),
	(90, 'Soak ladyfingers in coffee and layer with cream', 2, 'Tiramisu'),
	(91, 'Chill before serving', 3, 'Tiramisu'),
	(92, 'Prepare crepe batter and cook crepes', 1, 'Crepes Suzette'),
	(93, 'Prepare sauce with orange juice and zest', 2, 'Crepes Suzette'),
	(94, 'Fold crepes and flambe with Grand Marnier', 3, 'Crepes Suzette'),
	(95, 'Marinate shrimp and stir-fry', 1, 'Kung Pao Shrimp'),
	(96, 'Add vegetables and peanuts', 2, 'Kung Pao Shrimp'),
	(97, 'Thicken sauce and serve', 3, 'Kung Pao Shrimp'),
	(98, 'Marinate chicken in yogurt and spices', 1, 'Butter Chicken'),
	(99, 'Simmer chicken in tomato sauce and cream', 2, 'Butter Chicken'),
	(100, 'Serve with rice and naan', 3, 'Butter Chicken'),
	(101, 'Prepare sauce and filling', 1, 'Enchiladas'),
	(102, 'Roll tortillas with filling and place in dish', 2, 'Enchiladas'),
	(103, 'Top with sauce and cheese and bake', 3, 'Enchiladas'),
	(104, 'Prepare batter and heat oil', 1, 'Tempura Vegetables'),
	(105, 'Dip vegetables in batter and fry', 2, 'Tempura Vegetables'),
	(106, 'Serve with dipping sauce', 3, 'Tempura Vegetables'),
	(107, 'Prepare curry paste and simmer with coconut milk', 1, 'Thai Green Curry'),
	(108, 'Add chicken and vegetables', 2, 'Thai Green Curry'),
	(109, 'Serve with rice', 3, 'Thai Green Curry'),
	(110, 'Prepare filling and phyllo pastry', 1, 'Spanakopita'),
	(111, 'Layer phyllo with filling and bake', 2, 'Spanakopita'),
	(112, 'Serve warm or at room temperature', 3, 'Spanakopita'),
	(113, 'Soak bulgur wheat and chop vegetables', 1, 'Tabbouleh'),
	(114, 'Mix with lemon juice, oil, and herbs', 2, 'Tabbouleh'),
	(115, 'Chill before serving', 3, 'Tabbouleh'),
	(116, 'Sear veal shanks and saut vegetables', 1, 'Osso Buco'),
	(117, 'Add tomatoes, broth, and wine', 2, 'Osso Buco'),
	(118, 'Braise until veal is tender', 3, 'Osso Buco'),
	(119, 'Prepare broth and slice ingredients', 1, 'Hot and Sour Soup'),
	(120, 'Simmer with mushrooms, tofu, and seasonings', 2, 'Hot and Sour Soup'),
	(121, 'Garnish with green onions and serve', 3, 'Hot and Sour Soup'),
	(122, 'Marinate paneer and vegetables', 1, 'Paneer Tikka'),
	(123, 'Grill skewers until charred', 2, 'Paneer Tikka'),
	(124, 'Serve with chutney and naan', 3, 'Paneer Tikka'),
	(125, 'Prepare sauce and toppings', 1, 'Chilaquiles'),
	(126, 'Layer tortilla chips with sauce and cheese', 2, 'Chilaquiles'),
	(127, 'Bake until cheese is melted', 3, 'Chilaquiles'),
	(128, 'Prepare broth and add tofu and seaweed', 1, 'Miso Soup'),
	(129, 'Simmer until flavors meld', 2, 'Miso Soup'),
	(130, 'Serve hot with green onions', 3, 'Miso Soup'),
	(131, 'Marinate fish in citrus juices', 1, 'Ceviche'),
	(132, 'Add vegetables and seasonings', 2, 'Ceviche'),
	(133, 'Chill until fish is opaque', 3, 'Ceviche'),
	(134, 'Slice and salt eggplant', 1, 'Eggplant Parmesan'),
	(135, 'Layer with sauce, cheese, and repeat', 2, 'Eggplant Parmesan'),
	(136, 'Bake until cheese is bubbly and golden', 3, 'Eggplant Parmesan'),
	(137, 'Soak vermicelli noodles and prepare fillings', 1, 'Vietnamese Spring Rolls'),
	(138, 'Roll fillings in rice paper and serve', 2, 'Vietnamese Spring Rolls'),
	(139, 'Prepare sauce and marinate chicken', 1, 'Chicken Korma'),
	(140, 'Simmer chicken in sauce until cooked', 2, 'Chicken Korma'),
	(141, 'Garnish with nuts and serve with rice', 3, 'Chicken Korma'),
	(142, 'Stretch pizza dough and spread sauce', 1, 'Caprese Pizza'),
	(143, 'Layer with cheese and tomato slices', 2, 'Caprese Pizza'),
	(144, 'Bake until crust is golden', 3, 'Caprese Pizza'),
	(145, 'Prepare filling and wrappers', 1, 'Gyoza'),
	(146, 'Fill wrappers with filling and fold', 2, 'Gyoza'),
	(147, 'Pan-fry until crispy and serve with dipping sauce', 3, 'Gyoza'),
	(148, 'Cook pasta and blanch vegetables', 1, 'Pasta Primavera'),
	(149, 'Toss with sauce and Parmesan cheese', 2, 'Pasta Primavera'),
	(150, 'Garnish with fresh herbs', 3, 'Pasta Primavera'),
	(151, 'Marinate tofu and vegetables', 1, 'Tofu Curry'),
	(152, 'Simmer in coconut milk and spices', 2, 'Tofu Curry'),
	(153, 'Serve with rice and garnish with cilantro', 3, 'Tofu Curry'),
	(154, 'Soak rice noodles for 20 minutes.', 1, 'Pho'),
	(155, 'Boil noodles for 2 minutes.', 2, 'Pho'),
	(156, 'Serve hot with toppings.', 3, 'Pho'),
	(157, 'Spread mayo and pate on baguette.', 1, 'Banh Mi'),
	(158, 'Layer with ingredients.', 2, 'Banh Mi'),
	(159, 'Slice and serve.', 3, 'Banh Mi'),
	(160, 'Soak rice paper in water.', 1, 'Spring Rolls'),
	(161, 'Fill and roll.', 2, 'Spring Rolls'),
	(162, 'Repeat with remaining ingredients.', 3, 'Spring Rolls'),
	(163, 'Cook beans with pork.', 1, 'Feijoada'),
	(164, 'Serve hot.', 2, 'Feijoada'),
	(165, 'Mix tapioca flour, milk, cheese, and eggs.', 1, 'Pao de Queijo'),
	(166, 'Bake until golden.', 2, 'Pao de Queijo'),
	(167, 'Serve warm.', 3, 'Pao de Queijo'),
	(168, 'Mix condensed milk, cocoa, and butter in pan.', 1, 'Brigadeiro'),
	(169, 'Cook until thickened.', 2, 'Brigadeiro'),
	(170, 'Roll in sprinkles.', 3, 'Brigadeiro'),
	(171, 'Mix cabbage, salt, and spices.', 1, 'Kimchi'),
	(172, 'Ferment for few days.', 2, 'Kimchi'),
	(173, 'Serve chilled.', 3, 'Kimchi'),
	(174, 'Cook rice.', 1, 'Bibimbap'),
	(175, 'Top with beef and veggies.', 2, 'Bibimbap'),
	(176, 'Serve with sauce.', 3, 'Bibimbap'),
	(177, 'Marinate beef.', 1, 'Bulgogi'),
	(178, 'Grill until cooked.', 2, 'Bulgogi'),
	(179, 'Serve hot.', 3, 'Bulgogi'),
	(180, 'Simmer chicken in spices.', 1, 'Doro Wat'),
	(181, 'Serve with injera.', 2, 'Doro Wat'),
	(182, 'Mix teff flour, water, and yeast.', 1, 'Injera'),
	(183, 'Cook on griddle.', 2, 'Injera'),
	(184, 'Season beef.', 1, 'Kitfo'),
	(185, 'Serve with butter.', 2, 'Kitfo'),
	(217, 'Peel and core apples', 1, 'Apple Pie'),
	(218, 'Prepare pie crust', 2, 'Apple Pie'),
	(219, 'Mix apples with sugar and spices', 3, 'Apple Pie'),
	(220, 'Fill pie crust with apple mixture', 4, 'Apple Pie'),
	(221, 'Top pie with second crust and vent', 5, 'Apple Pie'),
	(222, 'Bake pie until golden brown', 6, 'Apple Pie'),
	(223, 'Serve pie with ice cream', 7, 'Apple Pie'),
	(224, 'Prepare ingredients: beef, vegetables, broth', 1, 'Beef Stew'),
	(225, 'Brown beef in pot', 2, 'Beef Stew'),
	(226, 'Add vegetables and broth to pot', 3, 'Beef Stew'),
	(227, 'Simmer stew until beef is tender', 4, 'Beef Stew'),
	(228, 'Season stew with salt and pepper', 5, 'Beef Stew'),
	(229, 'Serve stew hot', 6, 'Beef Stew'),
	(230, 'Prepare ingredients: lamb, spices, vegetables', 1, 'Lamb Tagine'),
	(231, 'Brown lamb in tagine', 2, 'Lamb Tagine'),
	(232, 'Add spices and vegetables to tagine', 3, 'Lamb Tagine'),
	(233, 'Cover and simmer tagine until lamb is tender', 4, 'Lamb Tagine'),
	(234, 'Serve tagine with couscous', 5, 'Lamb Tagine'),
	(235, 'Marinate ribs in BBQ sauce', 1, 'BBQ Ribs'),
	(236, 'Grill ribs over medium heat', 2, 'BBQ Ribs'),
	(237, 'Baste ribs with BBQ sauce while grilling', 3, 'BBQ Ribs'),
	(238, 'Serve ribs hot with additional BBQ sauce', 4, 'BBQ Ribs'),
	(239, 'Slice potatoes and onions', 1, 'Tortilla Espaniola'),
	(240, 'Fry potatoes and onions in pan', 2, 'Tortilla Espaniola'),
	(241, 'Add beaten eggs to pan', 3, 'Tortilla Espaniola'),
	(242, 'Cook until eggs are set', 4, 'Tortilla Espaniola'),
	(243, 'Flip tortilla to cook other side', 5, 'Tortilla Espaniola'),
	(244, 'Serve tortilla warm or at room temperature', 6, 'Tortilla Espaniola'),
	(245, 'Chop tomatoes, onions, and peppers', 1, 'Shakshuka'),
	(246, 'Saute vegetables in pan with olive oil', 2, 'Shakshuka'),
	(247, 'Add spices and tomato sauce to pan', 3, 'Shakshuka'),
	(248, 'Crack eggs into pan and simmer until set', 4, 'Shakshuka'),
	(249, 'Garnish with herbs and serve hot', 5, 'Shakshuka'),
	(250, 'Prepare marinade with spices', 1, 'Turkish Lamb Kebab'),
	(251, 'Marinate lamb overnight', 2, 'Turkish Lamb Kebab'),
	(252, 'Skewer the lamb pieces', 3, 'Turkish Lamb Kebab'),
	(253, 'Grill the lamb skewers', 4, 'Turkish Lamb Kebab'),
	(254, 'Slice the beef into strips', 1, 'Russian Beef Stroganoff'),
	(255, 'Cook onions and mushrooms', 2, 'Russian Beef Stroganoff'),
	(256, 'Add beef and cook until browned', 3, 'Russian Beef Stroganoff'),
	(257, 'Stir in sour cream and simmer', 4, 'Russian Beef Stroganoff');
	
INSERT INTO `tags` (`tag_name`) VALUES
	('brunch'),
	('classic'),
	('comfort food'),
	('cool dish'),
	('dessert'),
	('dinner party'),
	('easy'),
	('family meal'),
	('gluten-free'),
	('healthy'),
	('quick-lunch'),
	('seafood'),
	('spicy'),
	('vegetarian');
	
INSERT INTO `tag_recipe` (`recipe_name`, `tag_name`) VALUES
	('Spaghetti Carbonara', 'classic'),
	('Spaghetti Carbonara', 'comfort food'),
	('Spaghetti Carbonara', 'family meal'),
	('Coq au Vin', 'classic'),
	('Coq au Vin', 'dinner party'),
	('Coq au Vin', 'family meal'),
	('Kung Pao Chicken', 'spicy'),
	('Kung Pao Chicken', 'quick-lunch'),
	('Kung Pao Chicken', 'family meal'),
	('Chicken Tikka Masala', 'spicy'),
	('Chicken Tikka Masala', 'classic'),
	('Chicken Tikka Masala', 'comfort food'),
	('Tacos al Pastor', 'spicy'),
	('Tacos al Pastor', 'quick-lunch'),
	('Tacos al Pastor', 'family meal'),
	('Sushi Rolls', 'cool dish'),
	('Sushi Rolls', 'seafood'),
	('Sushi Rolls', 'brunch'),
	('Tom Yum Soup', 'spicy'),
	('Tom Yum Soup', 'seafood'),
	('Tom Yum Soup', 'healthy'),
	('Greek Salad', 'healthy'),
	('Greek Salad', 'cool dish'),
	('Greek Salad', 'vegetarian'),
	('Paella', 'classic'),
	('Paella', 'seafood'),
	('Paella', 'dinner party'),
	('Hummus', 'healthy'),
	('Hummus', 'cool dish'),
	('Hummus', 'vegetarian'),
	('Margherita Pizza', 'classic'),
	('Margherita Pizza', 'vegetarian'),
	('Margherita Pizza', 'family meal'),
	('Beef Bourguignon', 'classic'),
	('Beef Bourguignon', 'dinner party'),
	('Beef Bourguignon', 'comfort food'),
	('Mapo Tofu', 'spicy'),
	('Mapo Tofu', 'quick-lunch'),
	('Mapo Tofu', 'vegetarian'),
	('Chicken Biryani', 'spicy'),
	('Chicken Biryani', 'classic'),
	('Chicken Biryani', 'family meal'),
	('Guacamole', 'healthy'),
	('Guacamole', 'cool dish'),
	('Guacamole', 'brunch'),
	('Tempura', 'quick-lunch'),
	('Tempura', 'seafood'),
	('Tempura', 'family meal'),
	('Pad Thai', 'spicy'),
	('Pad Thai', 'quick-lunch'),
	('Pad Thai', 'classic'),
	('Moussaka', 'comfort food'),
	('Moussaka', 'family meal'),
	('Moussaka', 'classic'),
	('Gazpacho', 'cool dish'),
	('Gazpacho', 'healthy'),
	('Gazpacho', 'vegetarian'),
	('Falafel', 'vegetarian'),
	('Falafel', 'healthy'),
	('Falafel', 'quick-lunch'),
	('Lasagna', 'classic'),
	('Lasagna', 'comfort food'),
	('Lasagna', 'family meal'),
	('Ratatouille', 'vegetarian'),
	('Ratatouille', 'healthy'),
	('Ratatouille', 'classic'),
	('Peking Duck', 'classic'),
	('Peking Duck', 'dinner party'),
	('Peking Duck', 'family meal'),
	('Palak Paneer', 'vegetarian'),
	('Palak Paneer', 'spicy'),
	('Palak Paneer', 'comfort food'),
	('Chiles en Nogada', 'spicy'),
	('Chiles en Nogada', 'classic'),
	('Chiles en Nogada', 'dinner party'),
	('Sashimi', 'cool dish'),
	('Sashimi', 'seafood'),
	('Sashimi', 'healthy'),
	('Tom Kha Gai', 'spicy'),
	('Tom Kha Gai', 'seafood'),
	('Tom Kha Gai', 'healthy'),
	('Dolmades', 'vegetarian'),
	('Dolmades', 'healthy'),
	('Dolmades', 'cool dish'),
	('Fattoush', 'vegetarian'),
	('Fattoush', 'healthy'),
	('Fattoush', 'cool dish'),
	('Carbonnade Flamande', 'classic'),
	('Carbonnade Flamande', 'dinner party'),
	('Carbonnade Flamande', 'comfort food'),
	('Tiramisu', 'classic'),
	('Tiramisu', 'dessert'),
	('Tiramisu', 'dinner party'),
	('Crepes Suzette', 'classic'),
	('Crepes Suzette', 'dessert'),
	('Crepes Suzette', 'brunch'),
	('Kung Pao Shrimp', 'spicy'),
	('Kung Pao Shrimp', 'quick-lunch'),
	('Kung Pao Shrimp', 'seafood'),
	('Butter Chicken', 'spicy'),
	('Butter Chicken', 'classic'),
	('Butter Chicken', 'comfort food'),
	('Enchiladas', 'spicy'),
	('Enchiladas', 'quick-lunch'),
	('Enchiladas', 'family meal'),
	('Tempura Vegetables', 'vegetarian'),
	('Tempura Vegetables', 'quick-lunch'),
	('Tempura Vegetables', 'family meal'),
	('Thai Green Curry', 'spicy'),
	('Thai Green Curry', 'quick-lunch'),
	('Thai Green Curry', 'classic'),
	('Spanakopita', 'vegetarian'),
	('Spanakopita', 'brunch'),
	('Spanakopita', 'classic'),
	('Tabbouleh', 'vegetarian'),
	('Tabbouleh', 'healthy'),
	('Tabbouleh', 'cool dish'),
	('Osso Buco', 'classic'),
	('Osso Buco', 'dinner party'),
	('Osso Buco', 'family meal'),
	('Hot and Sour Soup', 'spicy'),
	('Hot and Sour Soup', 'quick-lunch'),
	('Hot and Sour Soup', 'healthy'),
	('Paneer Tikka', 'vegetarian'),
	('Paneer Tikka', 'spicy'),
	('Paneer Tikka', 'quick-lunch'),
	('Chilaquiles', 'spicy'),
	('Chilaquiles', 'quick-lunch'),
	('Chilaquiles', 'brunch'),
	('Miso Soup', 'vegetarian'),
	('Miso Soup', 'quick-lunch'),
	('Miso Soup', 'healthy'),
	('Ceviche', 'cool dish'),
	('Ceviche', 'seafood'),
	('Ceviche', 'healthy'),
	('Eggplant Parmesan', 'vegetarian'),
	('Eggplant Parmesan', 'classic'),
	('Eggplant Parmesan', 'comfort food'),
	('Vietnamese Spring Rolls', 'cool dish'),
	('Vietnamese Spring Rolls', 'seafood'),
	('Vietnamese Spring Rolls', 'healthy'),
	('Chicken Korma', 'spicy'),
	('Chicken Korma', 'comfort food'),
	('Chicken Korma', 'classic'),
	('Caprese Pizza', 'vegetarian'),
	('Caprese Pizza', 'brunch'),
	('Caprese Pizza', 'classic'),
	('Gyoza', 'quick-lunch'),
	('Gyoza', 'family meal'),
	('Gyoza', 'classic'),
	('Pasta Primavera', 'vegetarian'),
	('Pasta Primavera', 'quick-lunch'),
	('Pasta Primavera', 'classic'),
	('Tofu Curry', 'vegetarian'),
	('Tofu Curry', 'spicy'),
	('Tofu Curry', 'healthy'),
	('Pho', 'comfort food'),
	('Pho', 'spicy'),
	('Banh Mi', 'quick-lunch'),
	('Banh Mi', 'comfort food'),
	('Spring Rolls', 'cool dish'),
	('Spring Rolls', 'vegetarian'),
	('Beef Stew', 'comfort food'),
	('Beef Stew', 'classic'),
	('Beef Stew', 'family meal'),
	('Apple Pie', 'dessert'),
	('Apple Pie', 'classic'),
	('BBQ Ribs', 'comfort food'),
	('BBQ Ribs', 'family meal'),
	('Feijoada', 'comfort food'),
	('Feijoada', 'spicy'),
	('Pao de Queijo', 'comfort food'),
	('Pao de Queijo', 'gluten-free'),
	('Pao de Queijo', 'easy'),
	('Brigadeiro', 'dessert'),
	('Brigadeiro', 'classic'),
	('Kimchi', 'comfort food'),
	('Kimchi', 'spicy'),
	('Bibimbap', 'comfort food'),
	('Bibimbap', 'spicy'),
	('Bulgogi', 'comfort food'),
	('Bulgogi', 'spicy'),
	('Doro Wat', 'comfort food'),
	('Doro Wat', 'spicy'),
	('Injera', 'comfort food'),
	('Kitfo', 'comfort food'),
	('Lamb Tagine', 'comfort food'),
	('Lamb Tagine', 'family meal'),
	('Shakshuka', 'brunch'),
	('Shakshuka', 'healthy'),
	('Tortilla Espaniola', 'quick-lunch'),
	('Tortilla Espaniola', 'comfort food'),
	('Turkish Lamb Kebab', 'family meal'),
   ('Turkish Lamb Kebab', 'comfort food'),
   ('Russian Beef Stroganoff', 'family meal'),
   ('Russian Beef Stroganoff', 'comfort food');
	
INSERT INTO `themes` (`theme_name`, `theme_desc`) VALUES
	('African Cuisine', 'Flavors inspired by African culinary traditions'),
	('Asian Comfort', 'Comfort and warmth from Asian cuisine'),
	('Asian Cuisine', 'Delicious flavors from across Asia'),
	('Belgian Cuisine', 'Delicious offerings from Belgian cooking'),
	('Brunch Bonanza', 'Ideal for leisurely weekend brunches'),
	('Chinese Cuisine', 'Diverse and flavorful cuisine of China'),
	('Classic', 'Timeless and beloved classic recipes'),
	('Classic Favorites', 'Timeless dishes loved by many'),
	('Comfort Food', 'Evokes warmth and satisfaction'),
	('Comfort Food Classics', 'Beloved classic comfort food recipes'),
	('Cool Summer Treats', 'Refreshing dishes perfect for summer'),
	('Dessert Delights', 'Satisfies any sweet tooth'),
	('Dinner Party Essentials', 'Essential dishes for any dinner party'),
	('Dinner Party Favorites', 'Perfect for entertaining dinner parties'),
	('Family Favorites', 'Loved by the whole family'),
	('French Cuisine', 'Sophistication and elegance of French cooking'),
	('Gluten-Free', 'Recipes free of gluten'),
	('Greek Cuisine', 'Traditional and flavorful Greek recipes'),
	('Healthy Choices', 'Promotes health and wellness'),
	('Healthy Dips', 'Nourishing and delicious dip options'),
	('Healthy Eating', 'Promotes a balanced diet'),
	('Indian Cuisine', 'Inspired by Indian culinary traditions'),
	('Italian Cuisine', 'Diverse and delicious flavors of Italy'),
	('Japanese Cuisine', 'Delicate flavors of Japanese cooking'),
	('Korean Cuisine', 'Authentic Korean flavors and dishes'),
	('Latin American Cuisine', 'Vibrant and diverse culinary traditions'),
	('Mediterranean Delights', 'Captures the essence of Mediterranean cuisine'),
	('Mexican Cuisine', 'Vibrant flavors of Mexico'),
	('Middle Eastern Flavors', 'Bold and aromatic flavors of the Middle East'),
	('Quick Lunch Ideas', 'Perfect for quick and delicious lunches'),
	('Seafood Extravaganza', 'Abundance of delicious seafood'),
	('Seafood Lovers', 'For those who adore seafood delights'),
	('Spanish Cuisine', 'Rich culinary heritage of Spain'),
	('Spicy Delights', 'Packs a punch of heat and flavor'),
	('Spicy Favorites', 'Dishes packed with spicy goodness'),
	('Spicy Sensations', 'Exciting and flavorful spicy dishes'),
	('Street Food', 'Inspired by popular street food'),
	('Thai Cuisine', 'Authentic and flavorful Thai dishes'),
	('Vegetarian Classics', 'Time-honored vegetarian recipes'),
	('Vegetarian Delights', 'Delectable dishes for vegetarians to enjoy'),
	('Vegetarian Options', 'Focuses on plant-based ingredients'),
	('Vietnamese Cuisine', 'Delicious flavors from Vietnamese cooking');
	
INSERT INTO `themes_recipes` (`recipe_name`, `theme_name`) VALUES
	('Doro Wat', 'African Cuisine'),
	('Injera', 'African Cuisine'),
	('Kitfo', 'African Cuisine'),
	('Banh Mi', 'Asian Comfort'),
	('Bibimbap', 'Asian Comfort'),
	('Bulgogi', 'Asian Comfort'),
	('Pho', 'Asian Comfort'),
	('Spring Rolls', 'Asian Comfort'),
	('Tom Yum Soup', 'Asian Comfort'),
	('Tofu Curry', 'Asian Cuisine'),
	('Carbonnade Flamande', 'Belgian Cuisine'),
	('Caprese Pizza', 'Brunch Bonanza'),
	('Chilaquiles', 'Brunch Bonanza'),
	('Crepes Suzette', 'Brunch Bonanza'),
	('Guacamole', 'Brunch Bonanza'),
	('Shakshuka', 'Brunch Bonanza'),
	('Spanakopita', 'Brunch Bonanza'),
	('Hot and Sour Soup', 'Chinese Cuisine'),
	('Kung Pao Chicken', 'Chinese Cuisine'),
	('Kung Pao Shrimp', 'Chinese Cuisine'),
	('Mapo Tofu', 'Chinese Cuisine'),
	('Peking Duck', 'Chinese Cuisine'),
	('BBQ Ribs', 'Classic'),
	('Beef Stew', 'Classic'),
	('Pad Thai', 'Classic Favorites'),
	('Apple Pie', 'Comfort Food'),
	('BBQ Ribs', 'Comfort Food'),
	('Beef Stew', 'Comfort Food'),
	('Brigadeiro', 'Comfort Food'),
	('Chicken Tikka Masala', 'Comfort Food'),
	('Doro Wat', 'Comfort Food'),
	('Feijoada', 'Comfort Food'),
	('Injera', 'Comfort Food'),
	('Kitfo', 'Comfort Food'),
	('Pao de Queijo', 'Comfort Food'),
	('Beef Bourguignon', 'Comfort Food Classics'),
	('Butter Chicken', 'Comfort Food Classics'),
	('Carbonnade Flamande', 'Comfort Food Classics'),
	('Chicken Korma', 'Comfort Food Classics'),
	('Coq au Vin', 'Comfort Food Classics'),
	('Eggplant Parmesan', 'Comfort Food Classics'),
	('Lamb Tagine', 'Comfort Food Classics'),
	('Lasagna', 'Comfort Food Classics'),
	('Moussaka', 'Comfort Food Classics'),
	('Osso Buco', 'Comfort Food Classics'),
	('Palak Paneer', 'Comfort Food Classics'),
	('Spaghetti Carbonara', 'Comfort Food Classics'),
	('Tortilla Espaniola', 'Comfort Food Classics'),
	('Gazpacho', 'Cool Summer Treats'),
	('Apple Pie', 'Dessert Delights'),
	('Brigadeiro', 'Dessert Delights'),
	('Crepes Suzette', 'Dessert Delights'),
	('Tiramisu', 'Dessert Delights'),
	('Beef Bourguignon', 'Dinner Party Essentials'),
	('Carbonnade Flamande', 'Dinner Party Essentials'),
	('Chiles en Nogada', 'Dinner Party Essentials'),
	('Coq au Vin', 'Dinner Party Essentials'),
	('Osso Buco', 'Dinner Party Essentials'),
	('Peking Duck', 'Dinner Party Essentials'),
	('Tiramisu', 'Dinner Party Essentials'),
	('Paella', 'Dinner Party Favorites'),
	('Apple Pie', 'Family Favorites'),
	('BBQ Ribs', 'Family Favorites'),
	('Beef Stew', 'Family Favorites'),
	('Bibimbap', 'Family Favorites'),
	('Brigadeiro', 'Family Favorites'),
	('Bulgogi', 'Family Favorites'),
	('Chicken Biryani', 'Family Favorites'),
	('Doro Wat', 'Family Favorites'),
	('Enchiladas', 'Family Favorites'),
	('Feijoada', 'Family Favorites'),
	('Gyoza', 'Family Favorites'),
	('Injera', 'Family Favorites'),
	('Kitfo', 'Family Favorites'),
	('Lamb Tagine', 'Family Favorites'),
	('Lasagna', 'Family Favorites'),
	('Margherita Pizza', 'Family Favorites'),
	('Moussaka', 'Family Favorites'),
	('Pao de Queijo', 'Family Favorites'),
	('Pasta Primavera', 'Family Favorites'),
	('Peking Duck', 'Family Favorites'),
	('Spaghetti Carbonara', 'Family Favorites'),
	('Tacos al Pastor', 'Family Favorites'),
	('Tortilla Espaniola', 'Family Favorites'),
	('Beef Bourguignon', 'French Cuisine'),
	('Coq au Vin', 'French Cuisine'),
	('Crepes Suzette', 'French Cuisine'),
	('Ratatouille', 'French Cuisine'),
	('Pao de Queijo', 'Gluten-Free'),
	('Moussaka', 'Greek Cuisine'),
	('Spanakopita', 'Greek Cuisine'),
	('Bibimbap', 'Healthy Choices'),
	('Ceviche', 'Healthy Choices'),
	('Dolmades', 'Healthy Choices'),
	('Fattoush', 'Healthy Choices'),
	('Pho', 'Healthy Choices'),
	('Ratatouille', 'Healthy Choices'),
	('Sashimi', 'Healthy Choices'),
	('Shakshuka', 'Healthy Choices'),
	('Spring Rolls', 'Healthy Choices'),
	('Sushi Rolls', 'Healthy Choices'),
	('Tabbouleh', 'Healthy Choices'),
	('Tofu Curry', 'Healthy Choices'),
	('Tom Kha Gai', 'Healthy Choices'),
	('Tom Yum Soup', 'Healthy Choices'),
	('Vietnamese Spring Rolls', 'Healthy Choices'),
	('Guacamole', 'Healthy Dips'),
	('Hummus', 'Healthy Dips'),
	('Greek Salad', 'Healthy Eating'),
	('Butter Chicken', 'Indian Cuisine'),
	('Chicken Biryani', 'Indian Cuisine'),
	('Chicken Korma', 'Indian Cuisine'),
	('Chicken Tikka Masala', 'Indian Cuisine'),
	('Palak Paneer', 'Indian Cuisine'),
	('Paneer Tikka', 'Indian Cuisine'),
	('Caprese Pizza', 'Italian Cuisine'),
	('Eggplant Parmesan', 'Italian Cuisine'),
	('Lasagna', 'Italian Cuisine'),
	('Margherita Pizza', 'Italian Cuisine'),
	('Osso Buco', 'Italian Cuisine'),
	('Pasta Primavera', 'Italian Cuisine'),
	('Spaghetti Carbonara', 'Italian Cuisine'),
	('Tiramisu', 'Italian Cuisine'),
	('Gyoza', 'Japanese Cuisine'),
	('Miso Soup', 'Japanese Cuisine'),
	('Sashimi', 'Japanese Cuisine'),
	('Sushi Rolls', 'Japanese Cuisine'),
	('Tempura', 'Japanese Cuisine'),
	('Tempura Vegetables', 'Japanese Cuisine'),
	('Kimchi', 'Korean Cuisine'),
	('Ceviche', 'Latin American Cuisine'),
	('Feijoada', 'Latin American Cuisine'),
	('Dolmades', 'Mediterranean Delights'),
	('Fattoush', 'Mediterranean Delights'),
	('Greek Salad', 'Mediterranean Delights'),
	('Tabbouleh', 'Mediterranean Delights'),
	('Chilaquiles', 'Mexican Cuisine'),
	('Chiles en Nogada', 'Mexican Cuisine'),
	('Enchiladas', 'Mexican Cuisine'),
	('Guacamole', 'Mexican Cuisine'),
	('Tacos al Pastor', 'Mexican Cuisine'),
	('Falafel', 'Middle Eastern Flavors'),
	('Hummus', 'Middle Eastern Flavors'),
	('Lamb Tagine', 'Middle Eastern Flavors'),
	('Shakshuka', 'Middle Eastern Flavors'),
	('Banh Mi', 'Quick Lunch Ideas'),
	('Bulgogi', 'Quick Lunch Ideas'),
	('Falafel', 'Quick Lunch Ideas'),
	('Gyoza', 'Quick Lunch Ideas'),
	('Hot and Sour Soup', 'Quick Lunch Ideas'),
	('Kung Pao Chicken', 'Quick Lunch Ideas'),
	('Miso Soup', 'Quick Lunch Ideas'),
	('Paneer Tikka', 'Quick Lunch Ideas'),
	('Pasta Primavera', 'Quick Lunch Ideas'),
	('Tempura', 'Quick Lunch Ideas'),
	('Tempura Vegetables', 'Quick Lunch Ideas'),
	('Thai Green Curry', 'Quick Lunch Ideas'),
	('Sushi Rolls', 'Seafood Extravaganza'),
	('Ceviche', 'Seafood Lovers'),
	('Kung Pao Shrimp', 'Seafood Lovers'),
	('Paella', 'Seafood Lovers'),
	('Sashimi', 'Seafood Lovers'),
	('Tempura', 'Seafood Lovers'),
	('Vietnamese Spring Rolls', 'Seafood Lovers'),
	('Gazpacho', 'Spanish Cuisine'),
	('Paella', 'Spanish Cuisine'),
	('Tortilla Espaniola', 'Spanish Cuisine'),
	('Chicken Tikka Masala', 'Spicy Delights'),
	('Kimchi', 'Spicy Delights'),
	('Kung Pao Chicken', 'Spicy Favorites'),
	('Mapo Tofu', 'Spicy Favorites'),
	('Butter Chicken', 'Spicy Sensations'),
	('Chicken Biryani', 'Spicy Sensations'),
	('Chicken Korma', 'Spicy Sensations'),
	('Chilaquiles', 'Spicy Sensations'),
	('Chiles en Nogada', 'Spicy Sensations'),
	('Enchiladas', 'Spicy Sensations'),
	('Hot and Sour Soup', 'Spicy Sensations'),
	('Kung Pao Shrimp', 'Spicy Sensations'),
	('Pad Thai', 'Spicy Sensations'),
	('Palak Paneer', 'Spicy Sensations'),
	('Paneer Tikka', 'Spicy Sensations'),
	('Thai Green Curry', 'Spicy Sensations'),
	('Tofu Curry', 'Spicy Sensations'),
	('Tom Kha Gai', 'Spicy Sensations'),
	('Tom Yum Soup', 'Spicy Sensations'),
	('Banh Mi', 'Street Food'),
	('Kimchi', 'Street Food'),
	('Pho', 'Street Food'),
	('Spring Rolls', 'Street Food'),
	('Tacos al Pastor', 'Street Food'),
	('Pad Thai', 'Thai Cuisine'),
	('Thai Green Curry', 'Thai Cuisine'),
	('Tom Kha Gai', 'Thai Cuisine'),
	('Dolmades', 'Vegetarian Classics'),
	('Falafel', 'Vegetarian Classics'),
	('Fattoush', 'Vegetarian Classics'),
	('Hummus', 'Vegetarian Classics'),
	('Tabbouleh', 'Vegetarian Classics'),
	('Caprese Pizza', 'Vegetarian Delights'),
	('Eggplant Parmesan', 'Vegetarian Delights'),
	('Gazpacho', 'Vegetarian Delights'),
	('Margherita Pizza', 'Vegetarian Delights'),
	('Miso Soup', 'Vegetarian Delights'),
	('Pasta Primavera', 'Vegetarian Delights'),
	('Ratatouille', 'Vegetarian Delights'),
	('Spanakopita', 'Vegetarian Delights'),
	('Tempura Vegetables', 'Vegetarian Delights'),
	('Greek Salad', 'Vegetarian Options'),
	('Mapo Tofu', 'Vegetarian Options'),
	('Vietnamese Spring Rolls', 'Vietnamese Cuisine'),
	('Turkish Lamb Kebab', 'Mediterranean Delights'),
	('Russian Beef Stroganoff', 'Classic');

UPDATE meal_recipe
        SET image = 'sADSTkShd31il/bW68XVLrU2yYa2jmVoUp7RjKZZfi1GvF7tl6suVE2/XXTQ0st7w4b9uK1VBNML60Z7d3pBU051PFKfxm6qBGzckuLaoNYCjeTVsxhoSqXuXdAkJJ4HIkZSxQ==', image_description = 'Allow everyone war significant leader respond certain. Lawyer shake bed dark few weight site.'
        WHERE counter = 1;
UPDATE meal_recipe
        SET image = 'uC01FCA5QcV5+DkkTI9qinxungaC39xZT048hIMZ2VqKDgPSYnyfhCWFVOf0xjFZG49LN03X7+UZMBto6ZsZmQPygbrn8ozYP6lusiVjHqg9jtNcbt0Fy+OZB7JVFoeKwmHMcA==', image_description = 'Serious write evening rest method hope. Door bad newspaper edge or.
Medical treat speak prove where increase control situation. Tend than least work anything no. Whatever live this.'
        WHERE counter = 2;
UPDATE meal_recipe
        SET image = 'Q3OQku3MP1nFvJ5R8nOgDm9fym5Hliq37BucFLLZm5AC6zT5AWriju1wC6UrrozEDgwFu04CSqgkMx4eR/9mcmNsLM7Cznqy/y4dgZ17npxurcTgsgfTr63M3MVmFfns8N5zYQ==', image_description = 'Candidate your party return parent attention bring. First popular ok board wife of sister. Take box southern television point season hotel.
Worker today enjoy heart.'
        WHERE counter = 3;
UPDATE meal_recipe
        SET image = 'P3wb7e9KgoOkFAzvyGPUsqVi5GTSvBd08RQy/GdubCEpAaYMSuQXdUpgzLt16gUmiRp9vpmAbVQIEblNZYbB46wEPI9tHw2b32y8z2H61zuBsV+K72fVb4rkGp9D1dHoekizaQ==', image_description = 'Degree finally interview keep number if Democrat happen. Issue same player.
Score religious billion save top today face open. Student degree standard.'
        WHERE counter = 4;
UPDATE meal_recipe
        SET image = 'BGSwzQawNOVGsDeiqEocYm3amJbd0w3b46bkOUV3dU/h0tRsURfQIlhm7dOA/qwE+t4hu7z3yrd0ViUAvmOlmx8xTz8RCjV5hDzZFxgTQgGL/COKeNqnUR8AclwtFSjhXR4Pug==', image_description = 'Rock throughout time ready within young tough open. Teacher quickly much result against. Sport position short she while answer no region.'
        WHERE counter = 5;
UPDATE meal_recipe
        SET image = '7xVImzzZFs3liRjd96fA0m6VxdVdC6pqN1FqIAbwlxnz9Ht53BxA+MhbZAMp4OzjTDU8p6Mz9e62brgYM94l2lFjn8LsvJLeob7XH+Wirn1ohMOttcADcri09glmeDD8zxypmg==', image_description = 'Create piece firm drive focus deal ball.
Contain must big near happy. Important safe such reduce information there party.'
        WHERE counter = 6;
UPDATE meal_recipe
        SET image = '7G6cZpb6Hyc2r6Rqx5b8Ml1IogNwA5OhbORZHIpD1sYnpirM2FWmFnjlKiiD28TUpes3F8JkeyC9f49jTxwuAtBAF1zUCUamShYwe3ViQvF8wlOO11rPhnAvlaynoL0Nvavcuw==', image_description = 'Nearly or increase brother. Expert especially draw fact. View own but student natural realize market.'
        WHERE counter = 7;
UPDATE meal_recipe
        SET image = 'Bta0PM2hDyLQP3usbULHuXb1raPg0p5xWsSJMFxwTOhyjwiMIVxMvu1E3RavH1cd81E6hKyiTBLZevFRZXCOzv+3edFG2AQtWgw3Kva0yVR1mhKwAMtlV8Eghie9jKfvo5SYVw==', image_description = 'Believe practice marriage suffer then and become. Win thousand really. Less door often real ready art production.
Among need next forget. Thought mother statement local.
Describe particular job city.'
        WHERE counter = 8;
UPDATE meal_recipe
        SET image = 'FEIaA6T5M2+Mgveb63hFmn6QaV8rJMr8cfd5cSH/EA3D4Xgb+5Z0N+oZ0jdQVZp3c+zQuxkLTDBL9FgneKEb6dSFVqxtqrJ/T89sNQLWi+6EDnIxpoq7lW2D6pPRmHOrMd1++g==', image_description = 'Gun some work car trial answer ever.
According where break chance and white per. Sell star good tend. Energy former establish character house citizen.'
        WHERE counter = 9;
UPDATE meal_recipe
        SET image = 'LcUBT8dgucdE58Ful7G+GuHJ36b6HsR8pTqmkmKMGbC17Zm0acSL+Eat54hz6iaDqASyQ0T/dvKrZvWSp1HVSuQD+RgvKkTjF8ccqU34orzJzlJQ6n5v8l+VApSlZEfqALEfBg==', image_description = 'Culture miss the than learn gas. Far involve not institution perform record. Him look sign.'
        WHERE counter = 10;
UPDATE meal_recipe
        SET image = '9JJ/aNg5M0DwgB0el5npeyQImQLPU3zC3MOv0u5Rp8S/9QzA4kBSXEUBtdPeV23e8j0h7RhoGxM/5bpc6284D/4/rdnDfAGUX+sPgDxYE2jBDjPamt6uJfOb2go9/VOrXk/SWg==', image_description = 'Bring live green management. Might single area behind. Say citizen Congress individual probably agreement be.
Hair region population figure manage civil.'
        WHERE counter = 11;
UPDATE meal_recipe
        SET image = 'eBBgSC8bo19bPxP3XM/BKTwSAT2YPlAtDoWs3DEQFVUuSgYfAgx94kchuKRUSHGRkZUSJXAc/Zwy4chiXyyOWneugXI9NZGLiFcANXFzIdxzDkuwdu8MLqX/vcXcle4pLJADRA==', image_description = 'Off score life one. Over draw art executive.
Also stage sport experience high. Least here address along call east.
Serve beat clearly laugh vote guess hair.'
        WHERE counter = 12;
UPDATE meal_recipe
        SET image = '9AKPKtmBYvfZVcxdxyQLcj2JP/8urmhEuOGHphp21ndZJq1wkPvCTRfeXNVC0vAuUdyg2cZOrMVYNpf60Qxe9bNkQXVytegphXSNPjMFyw2IzETigs5tzvNXJWotS0+XO4UtrA==', image_description = 'Get head happen sing will sign plant. Reason public gun. Shake executive meet may always the.'
        WHERE counter = 13;
UPDATE meal_recipe
        SET image = 'CaV5KJbojKX2SdJNpI3U1AuNeUq0YzbJ3PMBx4xgwhELkpTHBGNACBT5fzlBjYDUqXhdY+XlRYk1m2BajleoogzG6F2n6uldF8J6agR9dqc4OueeQj2FcWMHbgVQYwNUplQOTg==', image_description = 'Control sure majority writer hospital series language.
Middle best air record organization. To oil hear. See couple commercial pattern building.'
        WHERE counter = 14;
UPDATE meal_recipe
        SET image = 'nDB6ldhsNY+VBAKPQ1MDqEYUXWr4zTgWqZ6JHkUBDCLAn1sc3XuQJ6CDEyxPIBi+yWp15VxkglkhIQfxD8sAiPLks13qVZfhIwA3tUktLfI0+nX0tYTSvtubnzrkrM2wXB/u5g==', image_description = 'Yeah such leg tell field return. Trip member wait become major class class Democrat. Trade water recent money record look color.'
        WHERE counter = 15;
UPDATE meal_recipe
        SET image = 'mF83ZSx+h9+iphEurEpSq6ivFPL1UKHI+bRkI4KPzmEqWfMVFXc/P0E2yjQVp78H43H2no2OQxnoP3dnZbWzCG2Vg228d4c57Z5tOJWPjKWUM6LTlo0GNKTq9+1ZHIhUmSLBGg==', image_description = 'Executive let better. Point note garden yet anything end. Accept reach street sometimes beat phone.'
        WHERE counter = 16;
UPDATE meal_recipe
        SET image = 'R6RJL8t5rmrs8NS329iMCDVKbdAoYa6UEaGxxQp6d+RJT0jtigCGelMvyCHs5EMQKgCM0Sx8XBYusdl7g6UkpJU/r5VNvbOgh02nkP6t/LlqLlE16QPzXpAW7OPbOkaz5x4ScA==', image_description = 'Site no culture certainly fill. Job reason after west perform subject tough significant.'
        WHERE counter = 17;
UPDATE meal_recipe
        SET image = 'o8kASdcZ2z6hWLew8SIXXW1vMgwoRJXa8NPOZjnGac8zDAHjEtjrIm0v7BprMt5NLN/MQ2GIKMxaFt9oj+3OHNO4OryBObq2FhMnMbqca+IZgeNOW0Kyzvvo/TR+X6BSn7ciiw==', image_description = 'Strategy year contain education science. History wide thank because.
Fast happen mention not thing concern politics.
Should but red leader benefit. The officer later big people color go.'
        WHERE counter = 18;
UPDATE meal_recipe
        SET image = 'AUqJnmMIFAdPbQKxhZsyoqFeLst8tk8UTr2uF0uHn4bVUcAGItS/d+aihLGh7Vv6OIY+pGQ0Y3s3GGaJlvkYuExKqg86rdMk/kBjz6J9NORDDPVBMbjfc9BajI9+1g6QN2Ro4g==', image_description = 'Develop real to also store media. Decide no well field knowledge short.
Boy probably within single section agree today factor. Tell term walk back share.'
        WHERE counter = 19;
UPDATE meal_recipe
        SET image = 'KxzqwJcny5Aqw5EoBoVZT5zsLoF9VpDMyYZhVtiAToXleakwgDD9nyPtbknu/YwFJl2u0is42xEr8W/989ye2pW0Rt20ENpu+ig+nI4xAJ3JECJzInKK0XvOX2cFOZs5G6q40g==', image_description = 'Compare describe picture realize. Speech day energy pattern onto. You off when mind.'
        WHERE counter = 20;
UPDATE meal_recipe
        SET image = 'bqoUROrS5eCbPEE9Ac+fhGcHVcUTW2MxzF7KwbbmLM93I42FIiYimnWD2l11yDtzLv6Io2FUeU5drv2jY8q/K2+SdvtacUkZllv5RXlDx+J2aBqM6G++expcb1kyDJHkFGkCQA==', image_description = 'Best they different dream rule test. Food away drop cause.
Wait eight hundred ever great sense.'
        WHERE counter = 21;
UPDATE meal_recipe
        SET image = 'lNo4spo5K1DtpLpgp+jzYD9E6hPiottrGTROwdbkClIZP7eBRUnQFGl12qIbxLAE+cV6Myo6rUbR4267aHxTyTrJl+vN0Cux4QbjemQpBbftCadr5eGAHqm20nmo1WO4bQanZA==', image_description = 'Before exactly career ok. Hair field read protect president impact learn.
Back piece and difficult. Require music tax program husband catch budget. Large question too or.'
        WHERE counter = 22;
UPDATE meal_recipe
        SET image = 'nk1wBAiIprpvs7OJBpRIuSMt007MHZkIbiEyGC7k3SxEig6KZ5nMzYrE66zTMrNBEiMOcUJOEcvCrRemwT2MlTz7ZvTWd7eb0IOSrA+z1WcJtRsoI8uk2TutTmyGGtBkwCq0Mw==', image_description = 'Treatment together daughter. Price instead standard grow PM government bad. Rich marriage physical value.
Six thank before husband end raise training yourself. Into deal ok maybe mind.'
        WHERE counter = 23;
UPDATE meal_recipe
        SET image = 'vVvkE+Ii8+AkT7o5Kp99lEMGHwOPm1etAOGLJJRK1LaVuG2/QPVehSzteOmPmb3cIxjj6QT+Q8Vm6LVI2KcOjR4dLq3msPHrBQFLiqnvIA3HHvkMTteVjSIce+d1rOWSS/C4fg==', image_description = 'Once consider recognize claim everybody. Check less radio put store four detail coach. Term production common operation relate capital.'
        WHERE counter = 24;
UPDATE meal_recipe
        SET image = 'pTLCIzYyB6o18jSBYfQeJs5iV2mlGtT8tGWdW+eMvDqS+SAc2XewsaYHWRnL0iGjxtC/c2cDBm5NcU5CXtzS/4COwX0CVPwq+LVpqMAqVE5P2qCBWiW13bwCAPePjgyIpDCzFg==', image_description = 'Through generation already although can word arrive. Add argue any company once.'
        WHERE counter = 25;
UPDATE meal_recipe
        SET image = 'a6qSeBYbVYZ72Y1Qpopl5iUvA/U8GSI7ZU+OVudDNbVbzjojYgYoYD72CRZ/sEKkx9dapTK7/rfN9uaaBXVdsJ7uWsPSfZ9qhJ6F54wJWBfsQpu/aW3xoEXdPWfrGKmDpqIINA==', image_description = 'Itself suggest must painting. Couple light star area. Clearly identify account plant measure ahead.'
        WHERE counter = 26;
UPDATE meal_recipe
        SET image = 'xgX+paUSSNFbx7gZcF7wLsiefiiDcgpvJMtJhHxyWoZVPJuy9F6tZ7yC5okcdYxvDUYHvG/xfsjywfMWRkx6yJfUpQEaQzJVDZLcMDJlJ7Qg8mP/zYLeAe3+uu4bRBdih8e83g==', image_description = 'Suggest some article side. Similar across sister administration let forward. Candidate able trouble foreign. Difficult war only total.
Former happen discover bad technology join each.'
        WHERE counter = 27;
UPDATE meal_recipe
        SET image = 'lDXQ+dRdNkUCsEkGHai6RmXWf3qR1kLkBPLBbfWQK+Lje4NvWRBgk+tCD56bvOyjhTMwIEVYTU6r2rQxhYCfcQehTvKojieBf9feLfpJQgQU2wgn6+djbSv+LIEDQYUfBkRdwQ==', image_description = 'Past oil attorney today cell score. List cover visit recognize rate. Language be fall break two page.
Them land upon case wife dinner. But establish everyone others traditional reason.'
        WHERE counter = 28;
UPDATE meal_recipe
        SET image = 'TcfRApb79BRH+izN2qVMV8GkzQCbiiwd5PAaBzA6KtuzF0M8eQPLKTNaAPxcqvlmX5cy2TmqqEyGOvu4ZlX8xWwe4yKLqrl3wcaRS3PFXBUzVPrFYj+mMQ7/ePNpZ/sZeOjx6g==', image_description = 'Certainly man section save clear lay loss. Site do throw remain week challenge.'
        WHERE counter = 29;
UPDATE meal_recipe
        SET image = 'oE+xLC1nbGT6Y7X8eFt9nMm02G9w5dJt2aVTcb+/vWRN9BTHcK1S3BIbDW6h6s7bD95cTkC8VPtvoM0CVu4FZozg4krrF38yeZ/t8rtnJrt9q9zfwzTvIkmSuWAOtbNL64roPA==', image_description = 'Entire operation staff loss. As sense sell power garden.
Leave film past door during knowledge dinner least. Through push inside key themselves body beyond. Fear stock product raise federal decade.'
        WHERE counter = 30;
UPDATE meal_recipe
        SET image = 'TuNYmjkJCTJTmCu3+kOV90F7c6AVq40GFo6K3DTFS11621YYyCiFhGNaYaeAfGBpDE+OXRAgxTl8sAKCeEtVx9B02cIu6E93qxCZtBY6zsgdn3+fz5FZG9b4IKyANp/oydjshg==', image_description = 'Office even personal others. Road artist debate central either career.
Respond according feeling big simple. College school push sometimes impact chair. Point full month. Space example how friend.'
        WHERE counter = 31;
UPDATE meal_recipe
        SET image = 'yvzAkyrHEY984JYu5bKSjNAE5yAfVOXTPQ3n4pcrxacBUSadpt/2PyOFcByK/8V4L4qIZJ4rt2cYxaaPnMIbUIpkfuXiXoZ1D0JOrmZBrq11eyXsWSBzfOJby1cs3G+YB1oWjA==', image_description = 'Shake music affect task base over challenge million. Hand measure else exactly.
Popular I situation century provide water tell. Fire community firm current. Another politics check home brother.'
        WHERE counter = 32;
UPDATE meal_recipe
        SET image = 'a//Zh8JZQi8MpUbe8wGOA5GO/Chw99HF6mWTLeDAXc5N6S5uDCKb2lz5v4AfwkrjSZQlgpvRTLtlBy363Y8GnI796EExLL8ziAk98apsDi+q7vtg4z2dIYQTaJjBsuvdkr6ATQ==', image_description = 'Professor impact town main news carry. Career organization reason environmental.
Size Mr own future less.'
        WHERE counter = 33;
UPDATE meal_recipe
        SET image = 'fc5LvSEhFWjlKOfcCQOL4rwTc/g5b8IvmmlkJ8oWM2Kp/AQXcjwsR6mfeKhy7+mAh95qix9uapcd1RhFv8rsbDJ+GMP8ubj3Q4+zy34kDmBxEcF+2LKOV7qEBnwj+XNVwDNCYw==', image_description = 'Fund third bag enjoy whom herself. Might shoulder least smile. Business director resource job before her best.'
        WHERE counter = 34;
UPDATE meal_recipe
        SET image = 'D6E9lQkehSaj0kMqAt9Wjmo7Ay2wC2uQa/zSoXX9L3Xc6cOc9jRZax6JmcEPB3WBFs7Na5xvD53ljt1PrBMunGQL7Rbf5N5A3XpYMM/DRp5ZcXVG0e6Rt7pBw61sV/7tPHU5dQ==', image_description = 'Bed common look enough. Strategy consider majority inside need too.
Share partner understand management new part dinner. North a stop father Mrs like.'
        WHERE counter = 35;
UPDATE meal_recipe
        SET image = 'XWebDf0QgiZRMDzUjHjJP17/pkm5RlHWS8k7Ux3MDinkhiJv9ujbGqXgXD9gyKdTsAbWFW/CQONv+X6gzWhetZId0tyspsJ4IdPuHfA7x48TTEsVnqTtwGmq8rV3GEI/PqsFew==', image_description = 'Matter gas present type exactly attorney. Perhaps apply office green international eat talk. Remain say suffer mother surface listen yard.'
        WHERE counter = 36;
UPDATE meal_recipe
        SET image = 'fiFUMCr3naKmtXtS2/aK24j8rq550GpZHrtyTUqlWRZqm1Edw2JAb8AiFJO9kNv0HaLWW1q7HIwiAIuRiDBAI/EK0/Cegg8dhKDfd/3fa33J3+NSQpX2ge1ed9iJ8+FICjnjBQ==', image_description = 'Drug involve force them help police it. Successful arrive soldier current method fine.
Recent Republican husband. General despite product store civil sense hundred wife.'
        WHERE counter = 37;
UPDATE meal_recipe
        SET image = 'PjZdXW8H2sVNn0M37P5uEoaDBETsXdeDJlCRVtdj4sR93Hn6TKLPoXlCbl6yVjUqJqdaMwwp0Vg5ZjmrwHlKN1ZfRM9KgH/gr8V5Es5nRUISRd4zmIFtpVmO/dg2Z7N5nbojGg==', image_description = 'Head property summer local soldier. Step ask value society subject. Clear view probably senior simple too clearly.'
        WHERE counter = 38;
UPDATE meal_recipe
        SET image = '8yMaE9zfxXRpEyKKj+OyhAep0vMRvgzTRe++B6aHP60wzwfqQen6y64gceXV39NuyKeY6EB7g/zzpsWI5JurHUbaIICQDTLjo9JZqn6LZx2bsu+mw4fZQR0d338VfTpjMuLmbA==', image_description = 'Room past Mr this approach pay. To brother sea economic.
Page test no reflect. Recognize form reason high everything actually. Through use full structure.'
        WHERE counter = 39;
UPDATE meal_recipe
        SET image = 'OvqWZIBaJP34yaURg+f52wZ/xWXJkMMdmzGsvwRwkaMf6FYfkJQ3bij41VdEa0F+v0F6sABVRHpNc0efkkFYDl6ACSSm2ZRrHu7PzuTO4K6qVFCtUw0Zip4EUmWiYaYU0z3L5g==', image_description = 'Firm wide nothing chance boy food image more. Happy cup while improve.
Far foreign occur morning your turn. Send often entire line.'
        WHERE counter = 40;
UPDATE meal_recipe
        SET image = 'm5uN0PxRtovqFPR4M3kliCVg7NsnkDAqUDk0tvhmJ8CluDtJ1d/RZHtsUMn0aAna9l2InPgiysF0aWUjv1b4zrr6nKISf/lcLcVjXiPbSpJ288PL9R/x29clKy1Rb0rgtYKIWg==', image_description = 'Serve spring daughter worry there job. Stuff set require should the many.
Easy southern store door beat relationship direction.'
        WHERE counter = 41;
UPDATE meal_recipe
        SET image = 'GNgrpD2DRuP/Wwn/3xxKOich53Bu4cq9PTuqYu84wUaTDDbBmZbSSb+tcEfWcSPGftBAr4TLYWHBpY1UGLDg99L7KMDWgI8FrgDOD2QuuPWyuly3FCWM0KQhhG1e94M583G1Ug==', image_description = 'Improve think own how drop today herself. Table meeting say.
Administration capital sound ability worry president. Person be find teacher member appear sign.'
        WHERE counter = 42;
UPDATE meal_recipe
        SET image = 'cb5PDjB3ni305ymvag8UIVL2Er88KrmHlumOAf5bpG6jqudslJFiBIuI6VO3+4BIBWsBBLuTgxGc2TSThYogs08dqxE/NKB5G9eGs5JYC29silMOnhvUrexPQrChJnFayrPpqg==', image_description = 'Safe face least your quickly. Writer time almost play account organization. Century off step determine career street.'
        WHERE counter = 43;
UPDATE meal_recipe
        SET image = '8MZIxotzg3eU7s3fefony4KFv3e3dNrtLkVgz8he4XExAqC2EmqHW6j8/eqWdFHvrhQCGk8TmmNaRdajbom4Pp7uQmAGrPLeZgeNPY+ESA5VTNu2YzZEPEmiULAtJma7pk2giQ==', image_description = 'Herself owner yes somebody. Challenge like system police protect oil serious. Officer peace vote carry.'
        WHERE counter = 44;
UPDATE meal_recipe
        SET image = '6qND5oCuLgpybXIJH+edksydMXSZVHJ6LVLqexWONmVSzmY4uVVY4c5OsQzH7zaMrIx53wL5H3VL7VZ8d4rmThYrqXhYBxwDG0+WUoTz3thyOxIEDGEp+Y1vhBZ1I03YnaRrHA==', image_description = 'Where loss law better before movie husband. Office our week cup statement everybody. Money father with and base strong.
Effort detail when public back exactly such fast. Of before child.'
        WHERE counter = 45;
UPDATE meal_recipe
        SET image = 'Nqkvc/7UA9uWPEF3LUkJBph8lyu7ZXK3YYDoN7FDJtOPYn1L8/3MeGVRLYk97aBU8p/zxx0qoaTUiQWAJCx+Oznx0M5IFCblf60M/3R+wl7ORlpYLwdrf+CqVRcEx5R8zuyISw==', image_description = 'Site must be owner blue. Just television media site especially morning city party. Drop their politics population so positive sport.'
        WHERE counter = 46;
UPDATE meal_recipe
        SET image = 'tyal9gdQPrCBm6dsoziK2glaOVF2DFQRd13GreRRDPoaTmFPNpxPY3qAAMPlo/5vqmHf5WWBwNBbTqX3RSXXLzKF6QSsrUpxVme3QrG2cfoorx8fLqNwEvv/R+KxJQ3ZhNU69g==', image_description = 'International add here professor decision. Necessary cultural nice western describe. Lawyer sport window.'
        WHERE counter = 47;
UPDATE meal_recipe
        SET image = 'MuwD0VV7wHCXIxleGM1aaTQMdcHS+KAuER0gyhp8djm4xJuexx+hWGX34+mQaiALrE19ewxy5fEb1UkfvlwnHXfnn7IRceNaCqvjcI1JFMRSK5dCvjfDGNweoIzIJnC576Ho/A==', image_description = 'Explain energy which notice four. Provide small deal human probably system.'
        WHERE counter = 48;
UPDATE meal_recipe
        SET image = 'q4/M6sVJqNVs5Pfs51uWsmf+Yvr9ZxGkAis93esu8oJkGBDlrl+uEuxxfyfzFTzoifzLp0K+E+1c0BX1q7NuPIGUpHNfa7IJh7qMYku8GE2PlX/L+4M+iboA2koLrwsG0kP1Zw==', image_description = 'Energy sing especially type able treatment. Notice character agreement.
Decide cause catch fine occur. Will I left entire. Carry event where half tell employee.'
        WHERE counter = 49;
UPDATE meal_recipe
        SET image = 'QgrVdt2WgItr3o1oPja7w6dsf05wL8oH7qYicis7dJbZzQgrQg8TTnBXKkFtjytLT4VkVKkEoQuBrzpD9mUDeN4LUm3O8h0uplr2qbCaileSb7FisEZSyIdVG6Cn5vnYHF9J7A==', image_description = 'Ahead apply hear score position big hair use. Key senior middle clear room. Involve collection somebody body.
Three through finish agent. Less much early suggest pick.'
        WHERE counter = 50;
UPDATE meal_recipe
        SET image = 'IQxbmdJljFXwF4X+ZJ0OEmQvbSD1KS+UUaxIc5WIATrVjDQMZ0Cx2vLhQxzp5gts02+67DFhDAifU9OHgRI0DdTv6M3Z0rDH47KUy0VZ8HCZStO/O1XHdu8acT4AYdk1+jWHfg==', image_description = 'I myself risk pull share small. Bring different action per.
Management check face go allow enter gas represent. Trial sea sister hit everything door.'
        WHERE counter = 51;
UPDATE meal_recipe
        SET image = '6nOpbmITfj05QL7YCrDLmTFDW2kEbM935gM03x+1TzyJoPL1gItLBnb2x82egJ2UNPyviyP2UhoBAYnjrWmVgJcSmls7cTPat7D4qSDXCU/ClyVTPeSK9uEdP5h+fP0abuaA7w==', image_description = 'Ability option general else. Operation goal wide figure.
Light teacher first manager consider. Than report finish carry top today lot.'
        WHERE counter = 52;
UPDATE meal_recipe
        SET image = 'TTil/rC8QzgRSgnMxM3QsXPr3MgH9xJ2pz60LoGHbGpWszjRN0LONtY7qL2oC1ig5Xg3k++aj1VgLU3ai2aMk8ekQwmrye9a9AMgyem76Y8mteGyg9OHpepcLbimsvsJzc9Fgw==', image_description = 'National option prepare PM American very.
Its get off recently activity hope girl magazine. Until business themselves room. Whose trial kid each bad.'
        WHERE counter = 53;
UPDATE meal_recipe
        SET image = 'rpH5dybbw28Av1oN1XK12VCxAFiDvaz9gtNJa2JrBpwFQ0DMqte3NvqYsKcixgzW+vtDwEGLskk5XvPYDwNq6Oj7IjRRkjf0jl0FY54Hdrp4lmlsXgnAsX0l98e75jiEQQNkRA==', image_description = 'Number employee house theory firm beyond. Establish religious almost PM yes they help. Reality government rule similar dog fine low.'
        WHERE counter = 54;
UPDATE meal_recipe
        SET image = 'aFT8g/tQZTjCd0QotlNx/qzSptXceuwBorGWqH0YXh6+zGCVvPoODl3ZIHElB3r73Ue/0bqAbWuWTZKhPL5XlNsDmWqvzMkRkOJnKaxNtwGgRLFRdrmkGJ7AgJjA5nISEWik0w==', image_description = 'Campaign recent apply marriage. Place morning coach. Better other consider who soon national form tend.'
        WHERE counter = 55;
UPDATE meal_recipe
        SET image = 'YdCdDK8JTLc725NTKH5P2D6/2modI7TtPD20/rBNXtMggYfmVfQulwra2id5Z4ApkP0/PayRAQ0vt6xHCw2W85SFF/HyWCSHlL7Bd2Uf7w9N/uaGBpioUVzvIIHdhmX7HegUpw==', image_description = 'Prepare recognize stay claim pressure table. Right take mother shoulder head. Likely entire perhaps.
Foreign hold work administration report. While audience major teacher month create daughter.'
        WHERE counter = 56;
UPDATE meal_recipe
        SET image = 'TBJj6CJIzHApKy4dgjU+avfqbmNMAcPDwBRkd1FBXMQThMiRiXmavKv+9J6IDWt7fqYLZJK+MRpj1luZV5CcagRVE3zN27eFTzzDPVjxD0xVVUEYG7F5INaN0AK60X75H8iBMw==', image_description = 'Role live outside western read. Student house rise article campaign. Factor instead economy character size among.
Environment language different impact year. Little recently join machine.'
        WHERE counter = 57;
UPDATE meal_recipe
        SET image = '/T/ctInpnTGF6/XhZkilwOKSvoPip4QkK3gKJM2NySPQTjK9joCHauyLpJzfpvm/XaHepO2Nyx+TDfUxEYo5cMamLTj7cCcdnceQiWzl6lCcAelpbKISSE+P5NPDFNMVc/K0rQ==', image_description = 'Prevent analysis activity my goal media together. Discover yet need financial. Open growth great begin trial.
Exactly listen tree still way. Person morning even fear ten maintain her cold.'
        WHERE counter = 58;
UPDATE meal_recipe
        SET image = '5Gfl5GotEkmY7pGNeDU4rFcgUHlvmvfixSWayguT6j9LBB6rCs/rI0Xd4n96Hh+XqTsSnW36jkNRz3p1HEJ2NC2gaTVYs/5sosjaNMVsHskO9jnuWwMAQNTj8Cw2juKGeiJDug==', image_description = 'Front lot mission rate kid whatever.
Six thing share their author but. Summer music few hear before international Democrat each. Best race administration woman interesting.'
        WHERE counter = 59;
UPDATE meal_recipe
        SET image = 'hVm0TVIq4bUh3isoJqFrKEm9ndoS+l7WiPvMjux1nr9soDKCbmEGrjzzWwr+B4IokXoVSSU/QVkkpsDghgPMiK3h0c3MIIUEDHtQFAtr+2VvsPdl+7FP7/JpLj4YToEXfWxsiA==', image_description = 'Our write woman it ok computer. Seek meeting century painting suggest week. Class me mission try event understand.'
        WHERE counter = 60;
UPDATE meal_recipe
        SET image = 'pKZS7VgufyMKgS3pkkYlQIITbB5X6pCTpS3JbtJIKQfkOTShfJWcO+JspruHj6PnId16WQotQJD7S+PMEMYYiD6cMo173Rdsw+gjoekkP2l0ezT/iXXIjwMiC3qnit0XtIL8DQ==', image_description = 'Avoid best commercial hard quickly. Talk which cut prove price.
Message one husband test mission risk second. Certain point subject current like.'
        WHERE counter = 61;
UPDATE meal_recipe
        SET image = 'LBvajZyEFtsyel+rjiGfneDRnms+2A9jvxVGUQHUeA0twrcF8wpp4mpRMdZgJqT6nBW24nF/FtdgsJ5XIaHpFwpFzEhpBAIuWdwLs/kFuoH63Lva1ICYtjb+ODSSQjctEEmiuw==', image_description = 'Brother weight picture.
Local such manager color student receive thought. Think ahead walk create nature upon market wish. All north do decision land front first.'
        WHERE counter = 62;
UPDATE meal_recipe
        SET image = '0rxYrXZZOGyTUlCA69LTB6pGydvRQLSdhc9UJHFT+6YdoBZ4gyJDJozKmpXlRwdUmA0UREd3kvnf38DHtOoMJGwB/UtmTvx8Vp66YSEt8NR2nubgTtnS+HMrFgSpLoh+DgzJ6g==', image_description = 'Program ability suffer stock loss. May budget herself. Where mission art article.
Opportunity so meet debate instead. Career before edge society player.'
        WHERE counter = 63;
UPDATE meal_recipe
        SET image = 'PoFVrCTtt1G8YPAHPVk7KBIGhQ9/ZPWU/AIRoyAQdVEz7oKebM0YNN0dkHso9QSkhRhydv59VKrVq94McDC7bkYCu36Rd19BaBxVT0k0tTUaFJ+50piYu5re+VlOjPafCJNGbw==', image_description = 'Now war author program build treatment. Think either run it city.
Difficult measure control strategy. Hospital treat into build high her. Ball though wrong name establish dream get.'
        WHERE counter = 64;
UPDATE meal_recipe
        SET image = 'IPs4lr5QAnDy+y8ckd86XqaeIX0ob8BbdkMDKOP6pP/fak3fdXjPo01R16arK4J4dYkbVud2I6aITj7Q2BMXVygVjt12Q4Fj8YGUUVWNIhSebRn2WEqjXxRBHIao1CTPas7GCQ==', image_description = 'Full style conference before story herself power doctor. War camera tree set. Toward kind approach small.
Financial eye sell he myself work sea discussion. Fast foot pass.'
        WHERE counter = 65;
UPDATE meal_recipe
        SET image = 'QHeAyNumHZ8eFnvwYv0mN+IOxzTgFmKGA5YeJLNx0eAzyzGOOIWj9KgrY/3Iy4QKNU1v2J2tAoDkLYdeLV9JthSz2zBye+tg/gegXS81ox9ymPI4ia2C3tHXF7DNpNx7EljIwg==', image_description = 'Newspaper station anyone activity. Other simple building available parent ahead popular. Happen something improve night.'
        WHERE counter = 66;
UPDATE meal_recipe
        SET image = '4Vb8ib+PP3bRLc02anJfun3YC+tIqBZI6j6JgYNLNfhQggp9DFQZjQWmLdNBQmUJ3qZHjcGhq6T1udw/KX5cqya+weZeQ9qUfnYBiFbrQini86TFM8tnQdd+U7cfcCSaw7tC+w==', image_description = 'Major different charge authority any hotel someone personal. Continue participant budget every then Congress coach.'
        WHERE counter = 67;
UPDATE meal_recipe
        SET image = 'pz80pK4nssAXD8jDv1C8Jxa0Ma2YFpwfiDOWJyK656Oqo4Z2xy3sxSr2Xya1VhGeFzPd4pbUJVARGLLbCF5IuNMn8anpK06afBUQXsaf30jJD0NUymdcdR5Fe3dnujjGU2LoYQ==', image_description = 'People reason produce while. Minute them consider always control.
Condition region offer whom huge source. That own standard cultural. Positive huge issue instead drug democratic investment.'
        WHERE counter = 68;
UPDATE meal_recipe
        SET image = 'Cd2VvcOE4moM+3HOlj+b3nlJqK9tRoC8wUBnzj0IeUqGjSLn3Kt7RkozCfIsIzykIm0dCBqr9euOwSvgUdztJOO+yl1Is3BomMf01juvx6jzTylvCUOIYg8Hz/6BC6tjua2BOg==', image_description = 'Series school hit experience. Such oil case large move.
Until low already history always stay drop.
Property cover only station. Prove outside fish its serious ground.'
        WHERE counter = 69;
UPDATE meal_recipe
        SET image = '9euRqIDUkCHedARtvpvoqQs6fOH7iArb0r8tu4GavQ3sW1NFZDQcqYJ+HKP8MT8hLjVkoKv0FYmmy03QleP0KOMMPwHYKsez/kT2WqOpZvjAxBg37E/5IcFM3kwAjg3KNRnkCg==', image_description = 'Much family power why green action war. Attention good position behavior.
Space despite thought kid. Off small process.'
        WHERE counter = 70;
UPDATE meal_recipe
        SET image = 'aSAJ0E2BusZcmM5HNPUFEvjegtDWR8LYjxYTCuOShivTWFakVWXfUisZk0LOvrJwjinQR2ctkQBxe//Fl7MKhktRGNTfF+RNaFBTn3zTWg03WvP379dg5DaaaKLpKpMwue+irw==', image_description = 'Catch yourself approach group word. Commercial politics occur.
Everyone color leader anything firm.
Sign before economy example car yet black sing. End serve drive.'
        WHERE counter = 71;
UPDATE meal_recipe
        SET image = 'QHYYyqSvL8D89/8XOJTYrBDfKwezLf4fXXKrtwc8hfAvbSn0hOTq/KbGws4Hp24qZmtG6D8xE78t+kprv/Lo9EAbX3+PCppyXGGZ+meVnx1j6XhVUFDP9+7PZqi6d1sfQQ+NvA==', image_description = 'Star seven quality believe especially both. Make charge discuss line model central.
Figure occur if already show the. Group source go.'
        WHERE counter = 72;
UPDATE meal_recipe
        SET image = 'LknR0RHwCITEMxiLMOp192PtUqj1Elkf1Ir2Jx+OXKs2iMdfuzdQjqfluFtUYEVdtgqjE85jH3IDCYRdwN237R7SEtkApBZ1dCDVeuKcxKyRYqEaf8VxaiZFVhWizlVUnl3Ysw==', image_description = 'Gun series thus read address. Perhaps drug walk size.
Early let game leave third wait. Inside their father television.'
        WHERE counter = 73;
UPDATE meal_recipe
        SET image = 'g39UrVvpz8HRMP3CNJv4FQ4kbRUyDHmbiDPb/WfuNyUsuP6t/4B4GAOv59wEK6pPutmfOrJR6dgvqdxv/vdvXsCI7nTvp6eivfG1nXNNx4MI5oDmDz+eGaFzFXYtaWTqlf42/Q==', image_description = 'Deep send computer reach lose. Black plan believe behavior develop factor save. Structure everything serious tough black certain relationship.'
        WHERE counter = 74;
UPDATE meal_recipe
        SET image = 'q5LtjfLgajsL3g31W51N8C1etW9G4ZbaSpk2Z/OhlMvTO5Ue8oi0zHO3tfyN3wVSoWXebAsK/gKqYDsx3nWvqAa2Hb3whUZUMSTSiY8vGo1WogCAi6nbZtoPLE2brJfa5ybrsQ==', image_description = 'Marriage toward me table well fish. Admit direction think. Your green least front decision change walk.'
        WHERE counter = 75;
UPDATE meal_recipe
        SET image = 'sEWJTjPEGd4wg5m1iBT55RHMSUPI/cejCxGV4RH0/WDlq/CkG0kFMPimHhD8wZ3IicwtulqP9n/8nIX6R+Fs1x+Uqt+RVxhVLd7IlPVJomdZswrgKLVY3Pc/bjeo5Eg4TWU5Yg==', image_description = 'Mother several hour eight tough know. True move energy meet.'
        WHERE counter = 76;
UPDATE meal_recipe
        SET image = '8YuIsWjMHgEcSSNvD6ODn8S9FUXGoJGB0Q/Mwzo2xktXYCLMCZL3bR8mIAVDmSTVKIuyXoHV+bdh7y/MyHcDzMIR1fp4YWuE4Z35+G3vLBjUTiFIatPRC1WtjvUvNA6eK6dKnA==', image_description = 'Vote throughout near spend beyond machine. Eight sort change. Employee across have occur sea job woman.'
        WHERE counter = 77;
UPDATE meal_recipe
        SET image = 'jUFLe7r9TmEmcPNXNoVqmVTD4aGJLuXABCGTtj1Muztc7atPeiq6ScnCDdWchYK9IFX1rvWKrbbW4GWJtwn7aPkGTXMpxSCq26OHlZsxpvTZX42JdSMEWmvEK48Sw06693BSIw==', image_description = 'Large even store no. Concern speak subject tree seat research right stock. Serious budget staff tend civil.
Radio doctor his drug. Hour couple citizen.'
        WHERE counter = 78;
UPDATE meal_recipe
        SET image = 'Jh5vQIzLXgSDOjR/oYyvYO9v63daCyN6zCFwjJABXMVMgHwPRwyfYr+hZBE4plC98SQ1nSxSENARpjpicYwJUfsj5VBNZFSOCZ7FiUE3uuZIhE2chgl3j4P1NbTyL9suPN5HLg==', image_description = 'Administration day game way. Small performance fear keep suffer information. Join rule increase for.'
        WHERE counter = 79;
UPDATE meal_recipe
        SET image = 'Tjukq4RY5bLA+hMIKMfJKpqrWx8r87yIWaWRWh6G0qIyTGm2rUEuu833gXkUWsX6Np/R6X6gOz+Xc5UcZa/hcm6e1dmzPYf/8y6zkqc+RvuKGaiN7IarMkNf7qxFkYNAjJyJcw==', image_description = 'Other turn listen fear important available bit. New country write mean. Candidate arrive arm too better let remain.'
        WHERE counter = 80;
UPDATE meal_recipe
        SET image = 'OXtXw3gGgOgV5s1/5K+3nUzRF9gm4TcaNbXjvmzxZ5xHlPTHu0Q+zwuhNRNVTFuVVgfWz2kCWBYZiGO4Rz/gCrC0DkJTL/rAzLwyxNWHB+ivc330PjeNdWf7M1zYXk+WxyDZrQ==', image_description = 'Spend power manager effect girl our show. Back conference public finally give have traditional.
Test contain open treatment during behind. Two rate black action part mention general.'
        WHERE counter = 81;
UPDATE meal_recipe
        SET image = 'rSA2Z1ajbsqeQRqa3fh9cvw2fQAp5IiGQD73WlQEfIvApQ4RVRjyY/AiNeb2JIW9dGk52q+1Uw3QINGaTXGtO5QStnhq7M1FnSU9uuZj03EX5KJs9DtBQ2Kb6vhrw7E0dW33SQ==', image_description = 'Case majority fill standard. Reflect development behavior exactly nearly woman American.
Study exactly sister health bank Mrs. Record little wonder. Finally hear still employee part.'
        WHERE counter = 82;
UPDATE meal_recipe
        SET image = 'vFvjVnJ+rgX1G8vihmlgy5hitZV4FYsJABnRSHORSeCa1qFmX7brQisTvZs8j2m4G30zOHN3WYxLCQ81tjHB9Ai/thwF11Kvc3DqtEj2wS7qJ75Foa1rYYLLy+/eCzXlIlNYHg==', image_description = 'Forward feeling write adult simply. Number local determine surface. Case personal again protect per factor policy.'
        WHERE counter = 83;
UPDATE meal_recipe
        SET image = 'NCgQJ9R+rTytZG6kZg6JZXtV5p/6Cxz53B8ZyYbDpa5luJiBT+ZWnbl+uhDqIbvEu44Yj25PtIoDc0/9WrZzke9UjX/sNmeDlgPoHxTDhAwDblykJil5zRoMCrcHEb1ppbGsOw==', image_description = 'Treatment including large. Tonight billion social according cut TV once two.'
        WHERE counter = 84;
UPDATE meal_recipe
        SET image = 'C0k0q0wxMmvzzdpAgpcJdW0HGSPW7h4DMdAxjcvSO1V9THGDTnpUphRGnhOA7t3hBYxVXgShliNDYrGOjTkaWt9ZauJxMC56j+chr+O2BHPKvlwoxEc1pQzXkyKmiJ95rF/Ttg==', image_description = 'Run people natural almost task authority yourself. Not subject study avoid write task. Serve movie understand base new.
Hotel must cold over culture official teacher. Federal share site opportunity.'
        WHERE counter = 85;
UPDATE meal_recipe
        SET image = 'CDrlGAiH9dyCnm/z9BlSkod+8moqMybCAEq+EzT7dGP1202ByKkXEPk0Ad+Opt3mgHCc/MUc4D7U2bfHMgfX6yQtE3PeqwQcf0dY09CLCsN4qwy4ki7wkJCp8KqUugji6oZQOQ==', image_description = 'Price audience shoulder ok car despite nature. Matter style name his so.
First collection general activity effect expect political goal. Personal no avoid analysis tax.'
        WHERE counter = 86;
UPDATE meal_recipe
        SET image = 'dfA+4q4ZxluE3+8j0HT1/NOmxs7NHPEdt2epOg2IzCtQ8tOWQalTgGBM7ouglhYc68HTSkFAz1z5vtU7RSYV60ujn2PiY4XSwjQo6A/bTAj+vumgo/A+6UAUTpUObQRWn+Yl8w==', image_description = 'Commercial guess finally know. For challenge stuff good catch. Black show fill tonight.'
        WHERE counter = 87;
UPDATE meal_recipe
        SET image = '0radVBtaLVIQoVDrZ+06AOXNHZRTDaRYoYRj9aZpRUMtjEt+fO/0GeBaG1yZxWJncTZGo+5v/jxvjSKpZbro+y5Xm8Ktc1OuD+EytvvzxqCsfqF+9GNiSplRlq+uTAj2dE7EWw==', image_description = 'Mission ball remain after meeting. Power ability condition argue sometimes family baby order.'
        WHERE counter = 88;
UPDATE meal_recipe
        SET image = 'hW+sm3aFVn1RXRDIbH5SAxlXUS+vg8PIHbK2WMy8tCQt0mts6bqIw3/C2BrxJzIM750UlDCSbeqBVNGb6iakOZ7SwZAit0519KgXPdH9ewyWaTzR9/frdOhkt+euj1d3G8KmMQ==', image_description = 'Himself check station one.
Detail suffer live language player child. Fight star tree.
Necessary major provide degree seek back. Indicate party myself.'
        WHERE counter = 89;
UPDATE meal_recipe
        SET image = 'oR/MExAKMZpWXHcd6Mzhk9KD2fDrrZfHe3sQpjX7PBaT4slOo6tZZ8VXLJJumWFMXcl1awCA+ICdCpUs++eOIFZOMHc/H8ilyDpyL6pT9jckbofDT384WjBDNi9I+ryEWlRv+A==', image_description = 'Throughout force character when. Home off foot animal. Bit member together take economy base might.'
        WHERE counter = 90;
UPDATE meal_recipe
        SET image = 'Bb9+YJY+OZAMzNPfPLQA7WOLJjAuKPyu0tQVOFl3aL3zMgCTDtRH+NrGXbthBt5SJZ/M8/pOZebE2ryTCCoYxWIuPeJ+TkMO5vbHq7RedkOG5r3u0h1sdjWcAT5HVPkD/liRuw==', image_description = 'Grow drive financial practice along fact commercial. While election it garden.
Really chance message. Responsibility rule available discover future.'
        WHERE counter = 91;
UPDATE meal_recipe
        SET image = 'Bnu954OW94eznNIn/t01u58XqBvQNQvcvrJdqmEInSCh/uH3GwePdO4v8rijCAESFTJ0ZN1qFN3kv+ZzfIA8fLpOdca8hpznzbhGrzg8jycW72JoDW3Oz1dNfpepCafrKtWMJA==', image_description = 'When matter reduce certainly able. Range million entire ground second.
Style long line painting. Poor him month military eye.'
        WHERE counter = 92;
UPDATE meal_recipe
        SET image = 'dek8qegO5ElGMdj+qceSfMICBpQX8wmSF7FVCTQbBzBgPq5Mra3LE+3V37ERrSh+oM7CfyaMLmiF3jeB8gxiFqwBJC97E046roPy7y46JItJX2FzIdZx0hapfO6qUmxDtyNRBg==', image_description = 'Director feeling avoid box question billion. View sometimes policy center standard simple.'
        WHERE counter = 93;
UPDATE meal_recipe
        SET image = '71Wt3TudzJ/eFXabYRyp5onY+1+4tCVTn2G7FruQqWXBkma5lq/Qq/c1NzXyIaX50jD6Qz9CuFHBmApp04MAhZ9/ptOV80woPf2Gb2rs3bvmOVxl/tP4B7VErtdfd/aj8jOB7A==', image_description = 'Themselves forget us central note. Her themselves goal event campaign management. Person make sister item short recently.
Who year similar without. Film arm explain fear test.'
        WHERE counter = 94;
UPDATE meal_recipe
        SET image = '2mrnqJRwOvYZm4TFEjO7yVPprRSZW1diCm+TaSykAgYXuJ8yxKbsXsFdUaoTEzEnfST4Z48sYnL1awxgcEFK51tW6Do77QzmabkpRk7BUoyI4BKd4Cn86/6sY9z7y3bJkbr2UA==', image_description = 'Sign do community step pattern check. Gun four air buy friend power. Carry enter tax apply might walk every personal.
Close popular sing. Sort point recent they between. My enter set country.'
        WHERE counter = 95;
UPDATE meal_recipe
        SET image = '0zYwSM7erX34PrsiDDFm8Bk/BEvrUqBigAJ3tBKi26qG/BA+ZAr9XJVW6OY/kG6aXrYuYkzXSgSPHQSpcGn6XQXT686cIDx2+YifNXvfKbHAdzEMZmps0vMzYfBzHGy7Y0SA0A==', image_description = 'Available western discussion husband media yet. Almost various field want main whatever under. Former measure case short source born color.'
        WHERE counter = 96;
UPDATE meal_recipe
        SET image = 'SDikqTInt6WpGB0oDYStU5Z358vgeSFdQ0tMpYhOlO5Xui1RXyI6wkWKLqUAaC/Hk9Ofq44Smu6eOZlC1rBTcH+eCFr4n5F1wikYEMge7mpx5qqZqazzv2h7Q9Nn3w52Kdf64Q==', image_description = 'East lead church him ten. Young mother office ability light.'
        WHERE counter = 97;
UPDATE meal_recipe
        SET image = '/1PeR/Gqj/mB0g6y11nFTvPkfp65+YKMQZQ3Xxuqez8mu/mxmWXH7G5ir+hnme2tr5WtHy6Cg+TWOuyjoT63/InX9k83s0lBfMkGjtHL6XaKr9nKRgUrx/I+ukI4LIQOUqlZYA==', image_description = 'Account study stock can. Care result area the move control. Anything some school stay task seem color. Director star doctor strong image mother wide suggest.'
        WHERE counter = 98;
UPDATE meal_recipe
        SET image = 'eeA7I/kXLC7za8iUJrWrBBUsqUSC6AzS9tPsLPnapgkCENjdk3VkPeY6sbN10RxqriEAdU2XiEiMRVIde8JywQMuFRALedE0TK76IYFzaiHN/DzTI63u4pj5C4FKX+YlnPvFtw==', image_description = 'Thousand trip safe through say. Executive item world kind. For resource early their product administration anything.'
        WHERE counter = 99;
UPDATE meal_recipe
        SET image = 'FSH+evFyLPl7wK9Qsf2s8gj+NxxgUxITswaHDNNpmw5CzjKXl/YgddeBzvGUsUp0V7qRlIzpi7W6U6mTabXbV4l5nucQdBIjQwAzUaGB3qxYzbt7a3JnuayLiDvY1xJyAAv47Q==', image_description = 'Site miss issue range machine glass.
Car later discover Mr time oil. Success face various floor. Address would film modern Democrat.'
        WHERE counter = 100;
UPDATE meal_recipe
        SET image = 'QIWQFMhsSqmF9ARppgygEaW9IO20QzgxgAG1rki8vKTwEyXNCqxkN3K2LQRrH+BTrwBRNTe6fWmdDzsG8T+QMM6FwCLTK4i/LlKJy/W1zLIFBgb8XUaw0NRbqIm34l0kHITk2A==', image_description = 'Necessary over site reality return not. Investment really fight dinner loss economy. Wrong law require information appear.'
        WHERE counter = 101;
UPDATE meal_recipe
        SET image = 'U75786opwxxyECWL3xPYCQcSPJtQ71/BlEgeKii5oXA8ZU8SEU616WsDSNNbMDQJxL/CHz5QL7cEDRYBlrba3ogshFlPtHYMz+Ooi5XpE/HR7K2OgYzKgb+FvHVQKcBaV37utA==', image_description = 'Person audience push order anyone hundred worry. Start among prevent instead.
Perform away rule economy inside less alone near. Person would debate along player image.'
        WHERE counter = 102;
UPDATE meal_recipe
        SET image = '0b/KfhaicmbQj0Rc6wS/wqfpGgo1Q1Ph9ZydgvUJO6N1/HA2DyQENZtwVuEL9Gy1JJSbvQzZ58w3gBHGSm7l6x/WhEOamFEHHuHwe5O1JrmpiaJIGJBQRCjTyJiGzcOAMYzTbA==', image_description = 'Pay sell American five remain. We glass natural also sing real could.
Interesting against might important same note.
Build certainly all address movement attention claim. Staff outside shake account.'
        WHERE counter = 103;
UPDATE meal_recipe
        SET image = 'TFrh7+WNsZ7i9nx35Gbny3TXh9dXC233BSqJ95TQAE6ftnR050RCOMj+qwFwM9aX0YjSiy8BwpIsZ8AhcdpPyOnXNId8HiPLoq6xvNTrStlCIHOjYQABZTxX61XIDphii8oE/g==', image_description = 'Way property performance quickly answer. Tree town step true today success employee weight. Of operation size same.
Drop play suddenly. Big everything role act. Staff across each land.'
        WHERE counter = 104;
UPDATE meal_recipe
        SET image = 'uhQ/pqKYgdM935vakfS+E/U+lpWePRaMHOheygAoAth8FWPqe1HcW0l/owX6N8RajVot1HXu0nwu8r9ZjxHEoxVHFLnTv8sNydbcG7zFAG8mZAqiZ2yiQgqVwXXh1DLUvrMY6g==', image_description = 'Important keep only control. There mother toward still.'
        WHERE counter = 105;
UPDATE meal_recipe
        SET image = 'hz3WUwZBOv3z9uqo2P0vlFUmGhsEE2us2kgWpq4yRbg09KVeMczI5kpesZnayO+JRycmQD24Uud3DIujb/SezHuX8Nsq13mExER/MRIeAc1GSqAcOuKETJJ2Ky76cLv2DaNAEQ==', image_description = 'Page conference perhaps central get. Sometimes south national dream.
Understand something smile management her into catch. Quickly he through. Through current open kid off up third.'
        WHERE counter = 106;
UPDATE meal_recipe
        SET image = 'uQIfmoIGaZTcfjZ57hOCMhjXMpvAOZi4DRs2uO8jiSJpqrCK6hN9aKh/mmiswiClXYHjLMJ0nWdLxo2Jj8SKsMxA25Q6vvBU1KNRiqqW9yFDGfo3zWfx+Gd25xcv511XqWk1GQ==', image_description = 'Space surface mean season growth. Bed ten maintain.
Growth some no front I certain. Week relate scientist then. Green everyone alone money.'
        WHERE counter = 107;
UPDATE meal_recipe
        SET image = '97UdE40ZdVGtWcJArj1wARe5B1aZK31ihZ/a1zfAdKFL/EHpoRtPOLM5MYjX04EkP4zmHXb1BxgPR7EzqaUvkWUO2FaksKkiOOs2SnAPewZAufSVQjMNJ9KKCTwnBy5M2X4lEw==', image_description = 'Including throughout attack. Decade degree probably sure eye six any.
Serve produce dinner career. Check option lay. A until sure very.'
        WHERE counter = 108;
UPDATE meal_recipe
        SET image = 'x0/RJO85vi3+sfDzDrV2KdY2V/EPAs76qbLHORE2uahnYUUMkkawHW6KFmnzGqPgsc+zvhgiPI0vPCim4LgTI6pH/lCJjJ1LXY4oIpnUJGV9z2o6TD3cGKZoXrdSrjMaChvaqA==', image_description = 'Dream change black prepare season need choose stock. Pressure true standard. Answer poor film often TV.
View reason factor ago scientist state offer.'
        WHERE counter = 109;
UPDATE meal_recipe
        SET image = 'CyJBPy+Gc3fVy1h4TeLmbiBiA5w6wxkqiKFWJFoJ6Eq6rrTFycgeBRG0Lkl05Ts5y+YDffJTiGSNcI9qrjQkKjJ3rG8VKUNVwTpaVDYwXF4HRC8snP4A9RWuTkx/V8OvlvM3ag==', image_description = 'Sport people together certain himself. However low fact participant peace song term.
Board hope just article people young. Sister end pay.'
        WHERE counter = 110;
UPDATE meal_recipe
        SET image = '8c9SWMwqFZQXVGR8SrcdV+rjQyEUa1jhpiM7NdBHwzP89hCqjtDm3LQhtNwa6Vq7sng/saGYlujILxCRNqE7qFC+1YMgflRA9Q26Cq+wQnC+gI2G3LoJiGJVqoEKo+UyVAKWDA==', image_description = 'Face fear suggest let. Thought door protect such.
Detail recognize class what east size someone. Loss play pass subject unit.
Year particular fund sea. Strategy game instead cause.'
        WHERE counter = 111;
UPDATE meal_recipe
        SET image = '+tQA5mIFm3Csddi4d8+3jJ0H7ALHTShTnL9Mhlu4lN0paip1zIayif3K0SdXrNW+vfz1McMdl/t3UzsY6MJerIad6PLyo/Oql+pXdC11dLcURtpRnFTnrsLGAFOX6hK5qnEKNA==', image_description = 'Special feel worker particular. Tell mind same himself.
Teach federal out keep thought. But learn member or point hear.'
        WHERE counter = 112;
UPDATE meal_recipe
        SET image = 'yGZbvlPZMOC8Vbnlowh5RvgiLZxwxiB3KzXfPcLyVoKWPjvqwGcSeRBjBdaDvqDhOTkfmVSE9K3rzqNsyusl5dKS++TfIv4QMcoeGwIAlRmS8KNx0FVTOtod/sbBpu7190Zd1A==', image_description = 'Money nation democratic language friend address. Fund toward put apply wife red think. Today some example behind spring action surface.
Over hard parent front fast.'
        WHERE counter = 113;
UPDATE meal_recipe
        SET image = 'uu/6JuLk/K9FCvKGAfrJAPYMI39PsryZ2hlJ7XegeCBzJKWzwVQRKtJy+T2PfXDOq3C0237Ig8uq5yzRLXWBv41j2aE+4OqnJRAnySC+m6jW8sqODqNK07bmFVSfSMlfpgNRHA==', image_description = 'Property stop word since particular mention. Year newspaper easy style. There new admit pull should somebody least.
Reflect run prove. Campaign chair race eye majority cause lawyer.'
        WHERE counter = 114;
UPDATE tags
        SET image = 'divTcHsIBUYh9YfpPR4W2V6D8B0QvACWNrtwPLtzMqPpZV1XLTqXHsYRo6EdkGO9MFBPSjA4nrgulhxCpxbBOJCf2c0QdvDu3oZtLqdoxcA2+TkY1QmLIrK/IGZIEbX2kHzoDw==', image_description = 'Yet surface wait need season main majority. Their report officer condition.
Break try authority former pull election somebody hotel. Data full executive security knowledge maintain nor race.'
        WHERE counter = 1;
UPDATE tags
        SET image = 'LZubP/h47Fnw1g9ZGPWVcJolw0UnmhHY7Xl2uhsRVHQO0Ot44ZitkQyyH7sSXR8DupIolNZz+ugcCO9QEzXKgFi8Qk13xwAClWrKYAh5cA02lTFA1R1Lq2jnUEwj7zQgdLfP8A==', image_description = 'Pay account commercial world so. Push past forget already know number represent. All indicate cup short necessary tree.
Explain identify a produce tell I.'
        WHERE counter = 2;
UPDATE tags
        SET image = 'SyGyC0ybl2xfhOWd/Y/x19sepXBwjy/CCYIY46Gxzt5di8bDVkpByAk7TP2pZ6FD0pirEMAi7x/kanh/J/24nydj6lw4zaRbgP1K+s+cCGpv22m28pSugw/mPN6VMzBnlLctyw==', image_description = 'Spend whose perhaps everybody computer create forget. Author rest enter store participant spring strong water.'
        WHERE counter = 3;
UPDATE tags
        SET image = '9X3LEllFWDjrNc84E+Vs5xB1nJV85xQ1ldw1t60j9QHIfuHBGDVcsUANh3lTu3nBtaJUkaqMWXg+RaV1qCcFASCDY7xGi1d57ZsPh8bE4PWSVj8EHpbPHyO1Us48PoOPfaBm9A==', image_description = 'Cultural language chance under figure just professional age.
Bring back huge begin dog place himself. Oil general anything under today range green. Four newspaper according affect.'
        WHERE counter = 4;
UPDATE tags
        SET image = 'vBqKoQuexVm6p+ZnACdEzD957ShUZdNRYakDMhP/VjXilpVR5Njj/JIhCQDXXwg6NgK5/wJJsew450ATvXec667u19nUwboBLN55XqTiFRuOHcdxv1FrJdOkdW3PwKzCjOlM6w==', image_description = 'Foot hospital claim. Question state world. Former hour wind case.
Hotel coach somebody east audience security low. Their sense cost.'
        WHERE counter = 5;
UPDATE tags
        SET image = 'EY9xXRfFOSnPZplJYGlzEB2AT2xs4T9ndmjTjfOmDIZksDZXwbtx9y1yj4a8t8FQHDep81qLCKAjmlZ/BNOmLOMT/5VuCIjEffgHVKzdQa/KO3m+P95p2VfE3io50cQSis0fCw==', image_description = 'Important including quality including support loss. Stuff special travel white. Change wait the them.'
        WHERE counter = 6;
UPDATE tags
        SET image = 'oQitRCOMpAZ6u58v7tfHIDvrVWpkl2s544WKQ8Ws+vkyZ4n5p+eYeZFh/AUCSHaqNA1GzJBj+I4K0C8BJbRLPxXgbr3pk9mXoXqQ5N/VIrtyDKd3kwpUCPteG1YV0tOVPXoW+g==', image_description = 'Debate include born sing member.
Ability point soldier manage. Detail foot camera population church between offer government. Best either break own.'
        WHERE counter = 7;
UPDATE tags
        SET image = 'PpKawUOaWmb+WaxPgErIr0LMjKcwCBCtdotK0+//uKOh31INJrepBMDqBWkvqkyo2Q1E9vJTjVWKDmvZoh45w0bVoTF0dPOnIlsa5ZvRGuQaUdcXQCnPlaSRdRkDYnam0A3tVg==', image_description = 'Want memory exactly open allow small. Seem when great account suddenly another positive.
Cut rate situation energy table other tell. None hair certain think month. Change five take phone who.'
        WHERE counter = 8;
UPDATE tags
        SET image = '5SLsJ8NWPTqe/AfcqGL7Gc/moWWVyJxRwfJVPc0klWGvWu8m6jOdfp3yGCg+hi1DyXS2Q/3g3fWFRaaC3Yp+ma3i65AmgZ8ssMAxabKIG6NLpR0eTTPBOD4g+r7wf0bBbK7KRA==', image_description = 'Force however manage thousand. Coach whose through everything hold.
Maybe board that meet. Several certainly success.'
        WHERE counter = 9;
UPDATE tags
        SET image = 'KPJ5F4S6qFD/L59Cy1d0lKQFMuq8qqJyWzlRm+BP5BIf0HXdIWI902exj6QcK2f7SBZ7XL7r99OUslkuBoAgkW8OAGYF3c+heVo6TOupZUEkb5ZLADcuZOiDzTmv1iizTLF8jw==', image_description = 'Town perform network Mrs service detail. Manager trade natural identify own practice by.
Computer statement why outside. Eye word strong thank blood owner.
Trial law admit above before structure.'
        WHERE counter = 10;
UPDATE tags
        SET image = 'euOK+2Sutf1B0/TGzIng0In3u+xZ4h/+EQxD4NlK98Kz9es9kXq6wvSmyDx0h6OxNLnK8OmK+TZLHDRUMIsMeDJvjCBCF5XnerruANWd+pgH2nUvhsGMlefXvrERsZ4IVJjJLg==', image_description = 'Save adult three city choose would player. Doctor policy provide consider well war those. Foot draw article character he.'
        WHERE counter = 11;
UPDATE tags
        SET image = 'e609MVr2JmbcLWTp8fa/jCHAavtZk345oaYKV96KB7bQ1bYoeZ4SVqQeLyKB/FObyh8zXT72NjwdFxWmPRS321bJvl76hfejwDCh9dVPoI0c6/jQF0HNe9W7pK8sMypbD3epEw==', image_description = 'Short any approach main partner. Arm bit TV continue cost kind act sometimes. Fill soldier door believe thank father today may.
Third rich respond relate region anything assume.'
        WHERE counter = 12;
UPDATE tags
        SET image = 'mXqo+5zYwHZht8iaH69RU5+W+0Usl3J2af61Hp8G0aItYoHKsu1TcyCkMTbIQzvjqYp7aHZ4rErMmtRFLcR7jXxVjxS0O49xGL8taT7KmTS8QbJw2bkx+CXOLHjs6n6N9ylbKg==', image_description = 'What real small they whom represent already. Great whose learn not rich.
Plan relate front. Wall sea end nearly right.'
        WHERE counter = 13;
UPDATE tags
        SET image = 'WH4vAfQB5a8kuDnwKf6N/8/C0rt047nynDHXhGtRgY+m8YCX3+OUhUoEpv5ahXsi2IN6zA0qrV2n7yb3IYzdLjjIw30OJgX8ih7WGe14yIVDrUff9wtefP3DwECoV0dOkLSaag==', image_description = 'Long example government light management he than accept. My across computer detail yourself nation back. Fight send technology.'
        WHERE counter = 14;
UPDATE themes
        SET image = 'pAxPcRrq1oOhhYrwbkx2SzznWSXhLGZ51vxtbvdxUKhq14TEGgVfbz8Phn/jbJzTT6yHJ1Le4spn79vstL8q0I6jzjYUvQ5lJhjdtDOiwTo0FRoirRYTz++VQsRdtEMKEFueUg==', image_description = 'Society store section while every avoid significant pressure. Scene discover necessary staff resource garden color great.'
        WHERE counter = 1;
UPDATE themes
        SET image = '8csIeZvEdpEkGaiKQJRoLtpppVO8HiBJFPVZiNp7zjLjJuotYSAahqF6MzhR3iRdtB/ihYJ09z5G+obg1O8DSQzJe0+PQJBSk7sSaFKXYEkPxWBWsu7uCHNYOQvxQUue0+bsVw==', image_description = 'Least interesting discover. Turn kitchen next against song quite series manage. Life miss dog today knowledge.'
        WHERE counter = 2;
UPDATE themes
        SET image = 'vPbAhv6ySNtKp5VNjNyoua2Q0TyO6DmGAL9ULbgGgoOvlCzIyGFZ8dJfTxWEaBcP+isJ2a2vrV5iezJ2ZZXlY9B+Zen/6+tXkeZ/QqAjI+MWVncDOf+utKpXAciT/xsZlYcDHA==', image_description = 'Such we community cover second yourself our step. Bad wind wait language never source soldier. Avoid peace organization with talk catch subject.
Blue bad off thousand. Sister bank oil American.'
        WHERE counter = 3;
UPDATE themes
        SET image = 'RmWPStxZ4wLJ08kdZsmqdDsRP93aI6Qi5pGD+m09krnYwr7AVCfyRTyDOaAV7Z0lRTx+cqaMdMz1EOVWQ2NZb4RN/xWvVeyUhl9/2Ba4zO47ritZjO0uPQ58adGK3cs1tOZdzg==', image_description = 'Mean imagine product top especially table. Rule range court very return represent low.
Budget structure recent set two thus. Fine American image early dream describe.'
        WHERE counter = 4;
UPDATE themes
        SET image = 'kH0rjmwtx7c6tQYVm434tTACU1OOAW1plwR9GGkBC8vSE4EwrzuOj+6F0VRCSOwRf5f7DEuxPg+93WNtmqHfkfahPTq0dsr7p/pN+B4ymK4yXOtj3PU/QZjMiUxPeTAhAy5lGg==', image_description = 'School change pick audience kitchen beyond. Kid give interview. Compare growth main coach indeed account whose choice.
Environmental throughout take there. Defense say face.'
        WHERE counter = 5;
UPDATE themes
        SET image = '+zBIyEANdPnK7383Z3cAxLiM8OecqUzvvDGnT/koAe9a6qNMAhvWC9D/gCZ9Rla8ONJbsDyz4Y+kl9TwdsLSv/tm56CJCDotwFE0HYdxZitoo7fwyDHdxq7c6IZIkcqy7Is3/g==', image_description = 'College Congress style meeting brother. Surface medical still benefit modern behavior. Billion sell poor rest although general yeah. Somebody voice new institution.'
        WHERE counter = 6;
UPDATE themes
        SET image = 'D9Bn2Wrmesmqp0zCGSQp/qZqop2TC5MrfCg5+liBDzYySIqSY7wXlPOC8I7M+kZUgN0tIKAwVbqx6yH9cwRtBmubFWyiQyzG6n9+vnRNJFcCT0FV0zm/aEeZOBO7SoVNjKnUDg==', image_description = 'Meet her here well personal. Owner nothing protect system. Whether difference past technology interesting.'
        WHERE counter = 7;
UPDATE themes
        SET image = '4rP/dLCzLc+w7pvVzRbEPOH+tra2Oo5Qi8Cd4+u9abqnwLUrZFZRpPom6XQaIXYYAQvlYLLrKHpzax3KUbDJZG5hvW9ZweQk8oGxMiws+k+zjmTiOcfUglJAbTC8EXgCrP9yeg==', image_description = 'Opportunity civil subject machine. Guy step along ground wife computer. Language quality face easy.'
        WHERE counter = 8;
UPDATE themes
        SET image = '+dprQ3MB5TWOfHENJzxvnxOHPV43e8rctRrvsB7aE+VUBzhiJDvkD37ehHicadc0sN5RjQv23RuwqgrzxUon9bo9TLPd31IsXv6PcIVru90ZaS+SiaH8aY8v1fTPMQd2y76w7w==', image_description = 'Here me son own well push. Democrat drug final city only hard parent. Clear wall avoid begin resource mention account. And off effect official there great.'
        WHERE counter = 9;
UPDATE themes
        SET image = '6/28Bfvd/pnUcwQwwTPJEiEdXXaaqcJFEU05tj0lyOtMA8hiWrRMe5peoj657BWyY+fWYy/FQkJY3EO9GrLQRUPlg+KxdvVhMKQ74hjGubmssqh5mrsTPHl4jmSjqwzZiDkgCA==', image_description = 'Both bad debate character. Nation simply newspaper while. Special federal weight certain.
Amount personal wife point. Action scene opportunity home dark role product fact.'
        WHERE counter = 10;
UPDATE themes
        SET image = '44aimZ0SFPMQHf/Wmh2n4jnVpJaE4ONQEsGIzYEvH6cR3+2mMwL4eaCO+LKlg4Jq1oK3UoVNxmQSbwZASUBbGMBYTnTt09u/JY7M+fsrVG40ouoGjpkqvb/BvCu1EutiNdcIOQ==', image_description = 'Organization general sense black few sometimes.
Whose upon it offer couple decide friend. Still style quickly subject take.'
        WHERE counter = 11;
UPDATE themes
        SET image = 'Hp3Lf00fwNMcjPhp/f0OiTGmR7ZPDRO0sxE/e9g1IGurikbRYwAxAnzSZSZ+I6UT4bte8jLm+a2/atXz8lBudavinw6V4NCTyB+Lg28qfLtoV3GWcr75iwE9SLyNwkjPRaYXGA==', image_description = 'Fill rock magazine make level. Network recently then culture. Work process up teach energy skin friend. Wall PM their central.'
        WHERE counter = 12;
UPDATE themes
        SET image = 'tJh3al2yW3ABmiGOB4NiejYoHt+TUaHscXLoYDhzfJe9Cltiqr862+fGbEff+tjLXYct9sEEwnYdm2SfaZzFogRSaBwofl0qSDyQPH2NcGon7bVUok9TSDyzQqCP44x7MnvIHw==', image_description = 'Could writer new include. Across his television away.
Health letter woman American us citizen. Husband attorney assume. Reason across subject of.'
        WHERE counter = 13;
UPDATE themes
        SET image = '1YxfXIXjZ0hiw20N5RSyqMfIpAc09z0cE6t7vLnECGbkuv0LuxvuJiwyBsk2r1ihaHmRGEHVAky/4g0vMAtuaNZy4BSoJAYKknkX6PCwj1u1ULvEZw0gTCNYu4iTv7J6BZmZ7w==', image_description = 'Leave marriage alone fill him wonder baby least. Seven off get key.
Behavior degree trade easy none value deep ready. Loss always seem step involve. Security risk blood attack citizen dream.'
        WHERE counter = 14;
UPDATE themes
        SET image = 'uXiMcfsQP6MyrNZ5lh80bGwsBaKsQ4Z64tqFdHZ1YKm28xss2nUZwVVrCz8P+dAl60+Zy56bZwW4pYqWaqAqLfRQkpuF3G/au++RLtKizZdY+d5StGOz2DrWcwbOnDI0tjOs8Q==', image_description = 'General pay or standard occur ago particularly. Teach industry small require pretty news. Heart most professor write realize pass.
Since single section education charge. Top scientist few west enjoy.'
        WHERE counter = 15;
UPDATE themes
        SET image = 'nYZtXMCltbBO8bFf861SI3pp7sy4I3XdHrIlW22W1MlIGcQk6zvM+kjniH+SqH3FFMc3RL4FOReDxhEgx6KRdAzynGJ6Ypz7hgIU9p+g7V4F7eM3hJWz6Mg3mTgx70Gzow6Qcg==', image_description = 'Brother fear pull these. Defense want hair billion. Return these apply site nearly suggest pretty.'
        WHERE counter = 16;
UPDATE themes
        SET image = '8X+wt/cWaVRfYOFbtrhqrxvJXLJP3XrydidkahFvflCJ7w7uIYHN3BCTLesVx6ftBtCoUNjEmkXD9nTShiHuIXW7v5NKG6yzgVNwoGIrh2maTiTj4r3LxlN5ipbPxp25zm5CCQ==', image_description = 'Great student real create Mr tonight. Card charge bank idea food. Consumer player born fight paper provide mind.'
        WHERE counter = 17;
UPDATE themes
        SET image = '8Z4J3WS1MzfoKzF/mh/qSV2aDqAkq4z6DYpF3oSE1+RHhyRF0BPUjHYw+mly6LCtGPNrEyY1X4UYbQlbCoZE5PFffVNubjCVkkpv+DG1KWZc94+CPoSzD3TlBRFzX77mDMUZjA==', image_description = 'Past relationship wait speech. Benefit small management yes require law. Shake should itself plant chair. Score thing development four brother dinner economy level.'
        WHERE counter = 18;
UPDATE themes
        SET image = 'fjf37i+JxCATagfn4mdi2fYRh6dMYS+FPenrs6xtX0fzKtFiOJhneQL2QAPHZQmfsgitvRZNMFlJHqiawDGTaw0J35xpJzKN5dpe5Ik2JBLjwBBC5Cm0QNQa0j1e/kjcwy/0fA==', image_description = 'Game family camera that purpose. Total image shake up. Plan face social again avoid. Quality close particular end leave word church.
Situation must bar many culture but finally.'
        WHERE counter = 19;
UPDATE themes
        SET image = 'DjbIg7lg0khQJVyWc2I8GeDwgr4i+7tBffnjDPU1dzU1HBc5CLB1ccsuFRLSlia/o7S0FEk5HxcfV10En+4Q5uN3+ql3CTBlVJfFougHi61CK2DMqsSXjVSxYgxjVwooasGXDg==', image_description = 'Leave book car floor. Century test garden.
Memory close build record. Son give suddenly word. Mission hundred bad.
Writer fine show sister continue that. Together available ever three.'
        WHERE counter = 20;
UPDATE themes
        SET image = 'OaRaQGS2PSgDHwjzBJo/3IRsrCw+OKirjYifQJ5qvCBY2WUdXFb6RyLQSmLmGAISlEaiicK6zJIH7qm3yKaLtfAd5gRi7zIGA0bp7JhQUuG51MiIXOo4fF/ra2RE5g4oIcyHzQ==', image_description = 'Line sometimes become those. Record let reveal why color. Agreement man letter piece.
Individual poor individual piece present. Tv available section design last. Try time fall no add.'
        WHERE counter = 21;
UPDATE themes
        SET image = 'zCax7GojboUvRtFDablZ0nKSUcqdpEHFaeipfnmgYA4uKyWHzK6o8Kwn8DkDJ+FZI0mfG+Rr86u4MNvtd54rZgi7okEjnk7C2JmsUmcdM9uivA57+fhN3rke0eBYG7DgZr0sYg==', image_description = 'Begin information news money local certain. Hope model right. From these window growth travel save.
Seat involve car. Television natural some full order drop. Either particular brother even people.'
        WHERE counter = 22;
UPDATE themes
        SET image = 'N7dBFpv0pQ6vyMHtYQXd0h0MRacvq7Y51gDtmlxlXdF5mRMEY4o9umCdcMWCsCIDuyY2vd4LxTnjIZgsFajH6KxIw2kXs3gXam3XRcL4TmVxC2GcDwZkclo8y/wb33UsfikLcA==', image_description = 'Thought different politics amount blue. No be article. Anyone fish letter in focus security.
Turn management even cost. Put stop only law land. Idea right majority it work.
Into speak focus decision.'
        WHERE counter = 23;
UPDATE themes
        SET image = 'lUoc0jJdyKNhCpWLWK4k6CbU7PJWSYnDMNCWVFDTuahy24+7fGR/yArdPEvfUsboNXpjV6bqi60tl5DIuILwvaDJDrB5N6DG6p776QFvpr6Ylbb1RSEzORYJsiz8vpvchEOPnQ==', image_description = 'Medical significant bring anything arm camera admit. Fight bank become them produce.
Century sell economy although all. Who pass they much share recently various note.'
        WHERE counter = 24;
UPDATE themes
        SET image = 'Ibl8kpq859nigUfjoYAjCBTy86tFgt0yUIZo5AFu2veMVCn21lxqzA39sljNP2DQm1qlP25OPYYbaIn7c0A97NGTXMqyUFi6ynEfFuK6WvV1nHsr9w9HsQ2Fbb0MWnlG2aLLdA==', image_description = 'Court scientist recognize dream success. Box individual white back popular push thing.
Mrs water deal. Admit nice expect. Big site expect better theory.'
        WHERE counter = 25;
UPDATE themes
        SET image = 'iOCCIE9IU/OVObvRNai0jaRMRFRdCHi49gNwVqmWxqT4fwHTa+H26SqmJN3I8UpGwYLUVtoxW/b5F83VnLSh/fjpzQJGp7uWLmXs7TunFHwJ1GNHLP4prYuAg9wOeBlfJYPSSA==', image_description = 'Call help when determine himself month company. Single including understand particular as pull. Week into let space and after since decide.'
        WHERE counter = 26;
UPDATE themes
        SET image = 'O08wwpgIRgaH7DHzGFPPvxxI5ZezbbWpVG7FDCzQCg8itDFLYyE5UfKNKPFIWwC5koAFH1qLcJj7NaHIr+r2HzzgTHAU6zNmxQlcD8nDGkXexKBMdck+C+FoeczvuGu2YKWXkw==', image_description = 'Part teach boy many share scientist indeed.
Thus claim painting work save. Collection relationship show my next early strategy simply. Down worry commercial main image.'
        WHERE counter = 27;
UPDATE themes
        SET image = 'amcdS6oLqWVFUXQ0cBdNv3YizZI7VNFrCeZmuiCSfLN9OiqKwe/e0EqoxpWvv+M8iPgZWvjrEez1ctuAycjOVbyr0nzM35EwsTb1vXAuIFMWy4An38iS1+Y2lpJ75XsARESCbw==', image_description = 'Full design stay produce. Security next many where. Sign claim responsibility from person hard the travel. Analysis ball compare.'
        WHERE counter = 28;
UPDATE themes
        SET image = 'z7fH8vmsIC1MtvX2nylqnYH9Y2mKcwx1EkPF9VdnHcBXw4zSEKofqQRHoNTxwkytbsFtGoShihDrEp0I09gtni+wag2JVKp8IEJMARmtw+ljqQWm2kEdEyFk3W6mfDB2ZIUBtA==', image_description = 'Once something simple base shoulder. People institution beat. Person crime condition listen available fear city. Huge technology third nothing.'
        WHERE counter = 29;
UPDATE themes
        SET image = 'blArGCwgwTPG4PQyyUvr2kGydvK8eU9i3sBd/SqmOyNzTd1m9dUm5EuvvyHjs7hqU0Ak0omi6RJZapQ3jzsn4qOQZXxevx1QazugUUxZiDAfsm4FKPb4X3PZLm30fc4Fnpa2Ow==', image_description = 'Old nearly management. Best board laugh property practice some must. For Mrs other career ready something.
Wife what realize.
Left series tell brother. Despite particular effort guy position PM our.'
        WHERE counter = 30;
UPDATE themes
        SET image = 'Im+3M+IZnRJu48qwp4AObUF3j78l7jv3nXstx7943jzaalGZl6f5chTakhw3X6KSsYysPbAYosLSE53rHMhtxkdLELlGxmlM63npTNorh+oGqJn8H6mvi4mhRuOzVmGQIZNHRQ==', image_description = 'Hotel medical cost avoid consumer outside support. Ball paper fund Mr executive fast miss. Just thus away.'
        WHERE counter = 31;
UPDATE themes
        SET image = 't7aaG/ohqzzVpwXLcJkMQmQmRE2rNWhTKBGgI5WC4DwO3D1fFrhR5j0cJXLlBf7fguIVUqZjhkwvxYmA9Uo7/x2uyTCDx/IKz6RAzVbcn1PLgGtCCoO2wAt4hUUx2FTnREQO0g==', image_description = 'Woman whom such onto result military then sea. Blue us fly good.
Five peace yard message whether nor. Appear statement run describe.'
        WHERE counter = 32;
UPDATE themes
        SET image = 'RbltHdEwystSrLZL6Dd8r27TkCUMJDk+9oRca/Ws1IMYhYrI9EQvkuXoxFup4gjjbJbvjUW7N1lsrF42CUycLrm+OzGkhjHYhd38yBAmU+jvkrs2AtFKOb9dFotByjTDJdCtNQ==', image_description = 'Chance child or share glass approach. Thousand position indeed cost kitchen enter not. Forward commercial since high. Other present positive least determine experience.'
        WHERE counter = 33;
UPDATE themes
        SET image = '0DDN+EXbypqc5KHVY5WVc6rZtgBMLH8aNxOZEhi3Ger2d6+YWjkEm//3SXIeIjqPqZikMzgiklSSICeaDQ5FHa5wQj0UiAZ4ddcaNzZ1esSEYjXsj1jGBzyJLZgC5KjTYfROTA==', image_description = 'Meet note day return. Control one clearly management.
Occur personal various bring discussion positive finally. Guess quickly finish draw chance talk eight three.'
        WHERE counter = 34;
UPDATE themes
        SET image = 'QhGYz7w88a5GNoSvGPuLEqsNcJtWlbom10qYcSQphczyuP7KkkaDeqbYGCidRkBzd1KqDyON05h8YXzx2QI2nNveZgm+WFzqyzgaLXrnRn6CL9XSaZVKE6pzchm+3uQsCkldfQ==', image_description = 'Theory determine loss traditional while. She carry effect moment song down sea TV.
Marriage order under.'
        WHERE counter = 35;
UPDATE themes
        SET image = 'B1HRqaaDaAlHw7/BGEmCkmh0xL34OyithQzHUQ/ZnDANa7trwioffJZ9Oi2WrSoyUU2o2djzgNchRPQMaOS0UgRpBwkuULFTAt1TIDs5CBB81mApsnlQTm38FLvUYy3Ovovo2Q==', image_description = 'Thank bed his player. Back phone raise sea modern manager whether rule. Rate ground far body its again.
Second air explain south. Necessary mouth improve ten. Note brother generation news past.'
        WHERE counter = 36;
UPDATE themes
        SET image = 'cM5yQ18BtjmCAAGX0k0AfRBxcV5MSV3Mryhb4t+6riugdXJ6NS61ZRdYmIfaCP0JpvfMc3pNKdl5s2iS9sdtzYTgX8A0a5bShdjaTE2N3aJlU3APAT/VUa0k/2nZBjDEi+8CKA==', image_description = 'Good take nothing factor paper for.
Surface couple yourself with force office let. Avoid small enjoy write wonder a difficult.'
        WHERE counter = 37;
UPDATE themes
        SET image = 'GPjRpC6msk0pDIebaMdV+75wKrGUtKaOdkz92J811wTX6enhHRTBHpWIEH7htQv9mde1Sn5lHIQE2Y8EPC+s7nE6NUHUUU5nWfgi33ynvO60Tcxz3KwQzl5jRZmBeSgxG/Julw==', image_description = 'This good reason. Write and number eat data material speak recently.
Mention nation while modern. Property theory security owner former.'
        WHERE counter = 38;
UPDATE themes
        SET image = 'Jrq23T4CFn2CixyWfJXSWHsXyHOD8FVh2IsTcS33mKvxqTfGbklVtyFGYEBc7F8Lj0wGzzKi7kpVW4MfvkmDNdsvbbsolg6/KY95bklPBWo6EsMGHrEpQMY/ML/Be5/BMCX41A==', image_description = 'Oil there Democrat work. Edge current watch.
Wife half magazine threat listen economic. Ask turn thank throughout nature administration card.'
        WHERE counter = 39;
UPDATE themes
        SET image = 'BOdW3VlzczyDTOiixJVODxhpXWYTx0PUUkPwTuufd4OUUP2e61UonxZ4HINYxzcE7AfvbGeD0r8dG6Kh1A45JyH0AM0T8gkFwl4TTVM66WB+DHRd7Uz37DQd40n6qT1LvQFYaw==', image_description = 'Might tend fast action yes. Foot green him very late listen.
Talk industry responsibility. Team sort shoulder card.'
        WHERE counter = 40;
UPDATE themes
        SET image = '1r7ZRNyj5EjYuTD05yVlDfN9eB4USisPWF9FV4K+Hk9Ju+j8JFYpbTyjwdHQ6V3SwcYB2Riiqv7EYqCh4t/6UKNm9t8enGq1+UijeEM7pXX/mxkDSsAoaUsUFJ8U2OHAPeiKhQ==', image_description = 'Door yeah add a consumer. Thousand carry beat resource. Discuss nice interest card fact east foreign trial.
Store style first visit impact. Home analysis yet rest natural natural site thing.'
        WHERE counter = 41;
UPDATE themes
        SET image = '/b2Q9RfF+qqDCf7h4mzRXIiaKNiFvrG4p0GObUVr92QVaUiBi/aIgN67cZkBAJZdPh5slQWGl3oXkcxk3Gcm+Xzf8DUazweklC1e52ZUSVuwnC/i8oqu4SlhOocigN2+PbYCeA==', image_description = 'News red experience owner trouble data audience. Impact this clear effect rise sound. Market stage late sister democratic century design.'
        WHERE counter = 42;
UPDATE equipment
        SET image = '2f3fYvxlfchqoz8Mu8FVCPRRIs/XO9fj7zs/cAkjbTWUkXE/Ff7V1fipUC+zzygxV3LWWFGvldPkMqjPw870yebA++Sr64ndbba5Qq0VPFuDq8o4xPQ0fuxP6K86LhkoOHQFZQ==', image_description = 'Generation reason term ever. Add figure itself sit certainly sort.
Agency himself major more number. Common theory win dark official scene. Throw charge audience theory.'
        WHERE counter = 1;
UPDATE equipment
        SET image = 'Gun7+f9iIct5AHY/Y64tW1HcYy/tKz3BTeu+K6aeYxE2ty+XcVf/fW4UVPFvPpY4F6P8m4wi9sHrjv/b1Q2Unu+14w0fECyavtvjIp3m7nsiaDAuGb7TwD4On4K1qz8av/bU6w==', image_description = 'Friend career method training resource. Through knowledge newspaper fill yeah. Third each safe go.
Serious decision career bring entire. Become language sea.'
        WHERE counter = 2;
UPDATE equipment
        SET image = 'VrAD+LilvWZG0ZC/A8JE11Wque6E09dB8zmiM2QTvDIOTeVgglc/VbOVMSAOPCVCLjzWtzHXn9HEBq3XNK/DiJmAXomPFkc5+MwZzgTwtViqdJ55I5/blVGEdpMp1ZPs75+6tA==', image_description = 'Effect free local pass animal. Event no century boy you forward other.
Kitchen democratic physical sometimes test per admit. Someone development strategy per Mrs leg.'
        WHERE counter = 3;
UPDATE equipment
        SET image = 'jrDIehCw2MADk3pmthkcllcm+QFm2sNcp2LrtXn2OIydk2NiUNUdxMKHayy7IvPBAhSsxaRM44y+5j3cn+81p83cew+uKt0XRUArsqXBQNilbYhKKU3KrTd5fEtgEarmBM0fxQ==', image_description = 'Difficult level health collection. Water last capital wait wrong color. Successful job thus fish.'
        WHERE counter = 4;
UPDATE equipment
        SET image = 'O9cNKr43icDnG5Wemhr24afButPQnIqU2XRuJpnSD085cHhZ9xqwjZpg4cK1tZzC6BNGmFZ52O2y1E44/j+8Mm9QDOwatlDEG7n+wW0uRrG87/tgI5xLaKW3/aQnRRzxCwf2Jw==', image_description = 'Artist ability never produce site. Issue long huge bring medical product statement sort. Shake act arm early character.'
        WHERE counter = 5;
UPDATE equipment
        SET image = 'ic8R2RuOLBn+m6Ryproprym9P4+UqxROhwxVnkOK2M/ZwMzPnSVRDibvdulzKWIckzophtate+JnEryBi57Ne+86I03DtvtFlcyvLpC6E6PR8Ba/gqupyIoFmXE14ln5jwnVhA==', image_description = 'They give great. Baby bring tonight bed stay party enough lead. Mind own someone view fall.'
        WHERE counter = 6;
UPDATE equipment
        SET image = 'WZVdSZO62e5X1fKwIWRz6VWaZ2pMhfed8uokKjpoD2/GhWEtr+Vyz01CcO4tExOcL7WPhmH82fB72FMtD8/uWGkPWTeaaKjUb82RZDMmyPG8vtwsBRwdzamZCd493WBAS2exmg==', image_description = 'Like similar sign interesting show day. Writer civil until world rate right. Mean father fact difficult.
Candidate safe result reduce tonight see task. Social particularly with where.'
        WHERE counter = 7;
UPDATE equipment
        SET image = 'K+GGqaux8aqBZmVx9+WEVAmt+kW6oILJWYat94GuHHj6MeiPwiDMaY5e2XFvDWyIVcg6dX2ZnhpLkijH/m86FtSf42kw4kv8GvMc06AWrQO1xgp3fz7et2lmHAOHjnrcvkBQSQ==', image_description = 'Base we him responsibility nearly write standard.
Ever say spring year develop. Ago help unit notice. Now military in management adult out day.'
        WHERE counter = 8;
UPDATE equipment
        SET image = 'c68rcc59IwevoBcSobHG155a83WQlvthTXjv4s5ZTIwLlZ2YTmUaVJMdcEQK2sT4ubABfGHrSWGtbdUzX9itw4naoIu6XsqqDKEoG+cUX5Cc91HZrXmitVcOUQpYuxzmeh4siA==', image_description = 'Central increase former common several Democrat. Miss accept week. Cold mission peace central.
Growth air turn hair.'
        WHERE counter = 9;
UPDATE equipment
        SET image = 'pj3OT6Qr+JZCG5a3y7ABnAOgKthvyktJCs2sdDF187vKk9vg49pVzyn3H0yMv6Dz1b09ACsJYngDgS3bk4z4Nz3llReXD9y5BEORTxOjLPd6HjytKMRC6fNHvCdHQ+Whf6qkCg==', image_description = 'Good how bit. Week home time work prepare case pressure Democrat. Control table least around.
Modern only specific remain pressure energy. With black local take especially food majority.'
        WHERE counter = 10;
UPDATE equipment
        SET image = 'DSTP0Jn0SINCOrS1/LtwCle8D1DD1YXCO8O0XFSWvNMvX+RAO9Hl4Y+TFY+Yf9aN/xr5hXBj0upJi4rDA2uGZ2N/2RlW5mZksMdcoym7u5tcvx2C0kM+3XCJmf7tcVbl49SftA==', image_description = 'Main job thus someone open economy save. Behind customer week beat government probably executive audience.
Able through reality tell. Tough community election worker anyone reason.'
        WHERE counter = 11;
UPDATE equipment
        SET image = '7jR39kWsLUSz6MwXNC60y8Kh2me2G6If04nx9r82XCo1WC+gIZH9tNGGCV8+YrB0gOmH+islVXewPU25sv3u+TsPB/9BDZ/9mcDqTCTfiBC3XW/DbQUZnvpOPNZNh83Xf2/xtA==', image_description = 'Eight much understand sure girl wife. Six chair pay fear. Growth crime treat.'
        WHERE counter = 12;
UPDATE equipment
        SET image = 'GIlu2N6h3wA5UaRe3ujmra08N0g2sVYrPeF15zl+VrLhe2NQ9/mpishDdSeYIP3INJcB9l+rGODbPuz+i0qLXLQyF9vkVeIfBTfaXhunomEWF74r/lM7/KmuvefiCAVa92g3LQ==', image_description = 'Raise until point size station seat skill ahead. Not when from realize sometimes view.
Yeah require them only. Think method item bit job although foreign.'
        WHERE counter = 13;
UPDATE equipment
        SET image = 'pJOCKd8Ax/jZOfS5LX01gwfa4fNZPX1vSF+fN/jXcFXsCEljz77J3yeBfO/SFVFrX93XSzDOpvQR2wYUNDXJw7OUfaF1VJR4lCMiW/a5MNgr9ma/pdcVrMvY1u+WeJubcu8kow==', image_description = 'Eat group drive full cup role director. Get accept author surface protect.
As stand would position establish help among. Give chair local attorney.
Drop stock another need news. Others establish up.'
        WHERE counter = 14;
UPDATE equipment
        SET image = 'bqtzSsRUAsu1nJuVbZOx/cJGN0HNZoF7gz0zDe2orw56Q37OA/229VFhMprsLAigvZlW4svix1mJjt3lBAN7k+qkJ6bx6tVy9gUUwfkKssxbdF79wP6TA/eKjiOmdE0bazP4Yg==', image_description = 'Ready company more community theory push. Kid race appear above daughter follow. Spend call while there yeah consumer only natural.'
        WHERE counter = 15;
UPDATE equipment
        SET image = 'BEPiIyCHr6jJ6N1t1E5b0LAtfzgWtwWyTWujAQG60C7tPwKrS6QOv8AxJJ2LIAP+imEe1AzmLXBnj5tKhBw6DT0oxP+I2AnKQ7XISkJio2W0cu2DRtHaJjTafcmgylGFQFParg==', image_description = 'Focus kitchen behind fear. Production force stay professor everything may.
Notice best Democrat. Reveal watch win clearly half letter clearly. Not expert to hold.'
        WHERE counter = 16;
UPDATE equipment
        SET image = '45Wb9HL/Hoow5+JNLFplSMq8T30sZ6qH3jId9OcAEc0dWBszF3J16MUSY6K68UihjwE3s2QXtx9xz7AfUjS9+xa3J7F3eR6NMzvp3lKbLClrr+uyNZ/HsVlrvALc6bwp4uticA==', image_description = 'Big animal national others forward often child. Share boy large.'
        WHERE counter = 17;
UPDATE equipment
        SET image = 'wSbkikFRi81qyznC3tU/RLXu1P8+vLCsYendIS6VYfqQAbNL8SfruQN9vsZD7xIWyvMQBPsWOmy1ijMuNlnYvmHQeSHIF+eFmu71ra8wG1tqPN8VbuJenP7KKLXF5/j3O9FjKA==', image_description = 'Baby finally religious story explain stay. Speech attack no individual. Surface sell bar fight argue property important.
Price its behind that several event sure. Media wide present.'
        WHERE counter = 18;
UPDATE equipment
        SET image = 'eqbKQT0w2kFBW9CBDx6omXReWGJNfI3Jd5SA2rR82ieH1aQVA/6TrsGOoa1QR9uTbfOh9XTxkAvz+939Y6p3o2ZImec48HHEMYGkca6SxKLxIvqjur2ph5owm8NgTmL4IsCz7Q==', image_description = 'Adult might us young have bar check. Pattern pick role like.
Face increase dog. Fish reveal skill least food language data follow. Argue enjoy Congress question.'
        WHERE counter = 19;
UPDATE equipment
        SET image = 'sP0U/qbpnErsY9IONZ3/g1gq7HmxbZrD9nr2NWLFfmmeF/uee8OVp/FY5aBUJNHWvi+9fGU8YmF2MN6KhK4554qmQtpXhrHeO0Q3Ud4Q1KHIFY2Ci7opvqBxfpS1VjXZBb201g==', image_description = 'Cold evening price seem protect be travel wait.
Land strategy street begin red.
Main Mr speech how ago population. Hear item create remember life southern.'
        WHERE counter = 20;
UPDATE equipment
        SET image = 'rfi+zrGd+KkUOfr/GbSvaTuNPO8NA8M4CnkkGmaDARVPwBcFcZZeVnPwRNBcorFnrvHo3ff2tg8XSjNBuBw+cnO2or/3SP3A5pAcRjc+qwriAj8Ko1J63nArOuI3HtrUlkQmRg==', image_description = 'Smile her carry all model country pass consumer. During before wrong TV lay lawyer. Have range around tree.'
        WHERE counter = 21;
UPDATE equipment
        SET image = 'PgAZ63xfzKW16jJ6LftG6ig1FfTEOQEbWRg13mjwlZmKD/LXaUkW9shXnOG+7d5bDbVap9clTj91JQRuV/HGfSK3adH/FbdeQMzoJSkak7AQ8MoiFEf+txl4d9KJd3CI3cjukQ==', image_description = 'Certainly by marriage political. President partner certain if.
Attorney respond science capital loss education. Drug oil might nearly around you. Simply woman yes young.'
        WHERE counter = 22;
UPDATE equipment
        SET image = 'UFfiesltI7h7dlngWi08t249hDHSFFvoDa2/EfWWwno50mx3MVaVgbaAv5+Byq+xGcOBtATcxsuETTPvQYo+elkXwO4ZG3QUo1FkqsBs32izV5CT9jyeVRejA1CMltGv16g5OQ==', image_description = 'Food alone question heavy tree where serve. Enough pick property husband according vote accept.
Put order job sure stuff determine. Help involve show think.
Such say participant hard event.'
        WHERE counter = 23;
UPDATE equipment
        SET image = 'feUXQRh7m7kpAAXOA90YgF70dgAnIaFmXax6XgGyr3VizYGgGFO03xXJyMeQbMtGbEK92+TV3mZLgd/bvJwp+H+svDHyTDRoiflzYpzUm5d2fwy+DdFaz3FvS9Jbww7O8ccTkg==', image_description = 'Message business even. Budget write hot author federal well record. Street positive may side floor inside.
Participant like woman thought a who effort.'
        WHERE counter = 24;
UPDATE equipment
        SET image = 'n4T03rl3YBZlXEHi3WK1FvkEFJU41B3wYkKEc3jPcIS7LPn1RCyU98WiISG9x5qui9pYK4pAuBBC9Pe6sAaybZ+zrNfK9fRvCJkGjMIOMiZdePery8TBl7PAWvhmtaRAR7ApUQ==', image_description = 'West forward everyone have window word modern mother. Fact understand board half author director campaign degree. Man short him do beat really almost if.'
        WHERE counter = 25;
UPDATE equipment
        SET image = 'Uz4AiMTQuN2zQYbA0CLcxgaqwoSnqVjxWjigA9GbQ7/YGoCJzmW+4uti23RnuhbAtr1bbarG/p4FlXMaEo2gjCnF8mfViKOJ2SnWd6jD0+3B5rpJdDbGUTZ4/82b0eh/+jDrhA==', image_description = 'Executive community agree modern we. Court save risk method.
Night over benefit occur. Itself rise sense street. Discuss analysis goal firm election bank follow somebody.'
        WHERE counter = 26;
UPDATE equipment
        SET image = 'WF9k+4vqpfU2G+vbwNBq9DPfzrITeLdBQSlnkFTRYhTgJozeXG2G8O8WPi7/YH45Rlc2eZ76bcIbyP7HaE7A2CthHjwnnVdEYVjH6Nuoh/TSVez1dny9UlTv5JH4vu4wf9NGQQ==', image_description = 'History sell painting fine that create onto. Know party rest society positive chair.
Need possible back down fast after. Price site people camera already follow level.'
        WHERE counter = 27;
UPDATE equipment
        SET image = 'DcCB39iCgyQ3dPLn4HTQRqgKyRwHTLwT+zKL30P8z1V3JTJ+81TI2il+Lni+TW7VX/Q8yvaeZxsx3xM0CqFNNGrw3LUVHRdolGSJ/ZG/RLR9zyYHDih+VbNuna0DeeEaxqMl6A==', image_description = 'Gas look by popular. Throughout put money respond along whose.
Or return pressure and public age then. Whom owner yourself my event choose threat or. Billion should full short.'
        WHERE counter = 28;
UPDATE equipment
        SET image = 'DKIPswSCd5sU2klo2AESvRVuJOAbeem4P/8o04dtNj3YbaAZBYoBPacN7yV3O3h9DtDKxHkFHLCaxJs1+pMfth9qdFdJg3cpWU68D/IQPFd8sJW0YkQcSHPyAVyHl03mtDDklg==', image_description = 'Dream explain pretty foreign best. Kid risk pick.
Future particularly pull. Similar least population nearly.'
        WHERE counter = 29;
UPDATE equipment
        SET image = 'TojTl1Kr+UPBM+VXIskXtb9s4Al2GToZAClDlFNmn3aAVlwe6EMchU6cDpBJDAEh1LzvUJkdrg8dOmy2SiOYQTrsNXp6LXtOj0zsawAcpz5emhQx1+WTD0jMAKnTtj8lPhaqyA==', image_description = 'Political woman growth rise focus care economic. Case allow early find hit. Hold surface key state shoulder those.
New instead hit simply light. Teach gas memory quality. Establish every item law.'
        WHERE counter = 30;
UPDATE equipment
        SET image = 'IwC5BIXPykrQNAFbHyAcp74dVpCO5uNBugJE9q3HKzgozMSojX3Oh6pk4rxg+p/reg4+R7cJFwyiQkiImsE9qV7rqHzXcbOFrohDRIWzfJLknCNpyj7HL2VO4zxiX+NnORceNw==', image_description = 'Decision she mean measure method. Yeah pick affect reach today such.
Growth over nor out they.
Fear Mr anyone hospital including matter. Student range human watch skin raise explain.'
        WHERE counter = 31;
UPDATE equipment
        SET image = 'JlUbjxwZ6XZ5E+57keL/ndsUU20ioLkjacGRE5L4XYDK3tbNFYQPQcWKEV3gao7zuD6FEXtlccame0kHUc5Iz4DA0/qFf/09/3OImpVl/88L1OYBZnbIrWdEMGInqOmpmVnT6g==', image_description = 'Receive west cell loss add when. Avoid quickly cover cell employee structure remain.
Wrong test board important college notice. Cup serious team particular. Television black radio traditional.'
        WHERE counter = 32;
UPDATE equipment
        SET image = 'j/n0n43JIbSK/BOoTHTRJQX2aQM3R5YLiP+D8i2Hc23E9rH5adrZ7JPR5y+hoZWah1IzI1ZWX8Lox/zJQ5Gj5UQI11I2TmxMG+UHTo2nNUCMbhrp0QOiHUQBjaRxTGZ26ttYEw==', image_description = 'Defense attorney body beat. Evening wonder force heavy land former among special. Direction page measure ask describe evening. Light treatment age pattern indicate at.'
        WHERE counter = 33;
UPDATE equipment
        SET image = 'eB2GZ+4PsSxJ7MdSGZs2QnBGfR9BMOTf5aEBZJfv26L908ckG+EfNQW43EUvyRhmocU4eAuHE62Hmeh+8AZJZH2vBrvKXgKqjB9EpzCkUlmnhpZ0xpr3ReU7N4ueB3u/WWUCKg==', image_description = 'Create happy him. Fire type too task research. Nice order dream challenge. Happy loss throughout give best church social.'
        WHERE counter = 34;
UPDATE ingredients
        SET image = '7TfPNw8JQ7fxpDDuN9oFUOkGdp5coUlaHQcFj5qkHkLRV2ozYZOsOlgl1xXf9tkh7Oj2fKh+IcuXwkcqc1iDIMKkGCiD8ho+/woPMGDdEoNDZCuqgtFCgwBNcbMFU7HkwcC98A==', image_description = 'Discuss than beautiful interview road song most relationship. Foot scene message organization everybody certain bit.'
        WHERE counter = 1;
UPDATE ingredients
        SET image = 'NOhMzPkf/XVuYUgjK53MakEUZckIXd1+3KkHtfkU8LtTwWfH74wPDNFr+vkaGZxDAjgRqkhrFBJFglo7V8rF/oCnvabeKg7wEZ9eVtN/3mh/2DRd7Ed1DmtNuxDd83wa4E4hmw==', image_description = 'Actually high dog American heart upon seem. Another sure rather same.'
        WHERE counter = 2;
UPDATE ingredients
        SET image = 'w7x3/BQ3WB6itRRKI0ykoB5TszJLD/lt1Y1fZWupNkiHkVsb+5AXxDHjtg9EjTv0vZqwLPZ1vzLSDhtoJhJm9zpEFAOMAdEAt3+igns0mIpDngmveaPyI0RIhUTG2dx9bZHMng==', image_description = 'Government side seek ever method yourself management. Sea standard tough data land space go.
Hand enough worker them until join huge key. Better threat them short.'
        WHERE counter = 3;
UPDATE ingredients
        SET image = 'Q6YZF5avXbOAJ8zfadkSfw4Te/HVmz7CBIoeiEHmI3uI4x9EVnLBAewinV9G6QqPlnV11RzclmvHRK3QNV7bRz853Xqk9ynqvM96GOPPNnPmKW1F/kVKWfR+93OYieX7pNEr+Q==', image_description = 'Including present culture network pull religious director. Value month today someone realize positive.'
        WHERE counter = 4;
UPDATE ingredients
        SET image = 'Ex0ZZ5041XhQZJmok4ADaxGpsxFfidMMYtbxeAig3ovbjK1HRMljxZNoowoLBmj4kUFd4yLwI0k8WIG9jhuIcuotT0MxAOwGvqZqkmysL12W/rGWkI8eAqtrJJw2Yz0L9k658g==', image_description = 'Number ok create close. Mouth hair not actually effect course.'
        WHERE counter = 5;
UPDATE ingredients
        SET image = 'JKq1Vp2MN+NqLwWBASQJVoh82oVl+COamj/rbRBnljiMeUDD59kHXEPv2ibyU64Z2sHqzFeuyojePiJHQ77L/eLmi20hy6XyiC1YeLmvTSUGsVeWiPlpT7NhHPZKtz/D1+5lSQ==', image_description = 'Say within suddenly war son friend pretty. Well be easy region explain several political. Time opportunity rise travel idea onto number certain.'
        WHERE counter = 6;
UPDATE ingredients
        SET image = 'YjfD0XYZQtvqtEFABNKienU57e6Fuke16i14u4tL0JFJSn1f33Pv91M3355NgsVVPxTmZuD03SVieB3lx/JeY+DuHZHiFZhdDowlaNR7GcQ2/Fy8mRWmH4TGhNfgBH4aE5zX4g==', image_description = 'Rock author impact hope. Before according land per happy.
Defense very leg wear. Technology me safe area. Campaign word memory thank operation officer.'
        WHERE counter = 7;
UPDATE ingredients
        SET image = '+4iaU/VQSGqLAfYAlMA9g2Bsr8jmXxFTVLH5687vKvLtzSnDKAqBSmHrypa1RGm21Hh674+uAWmPqlWeurbRhwkSH6zzCk+lTHwwqTep04mDevYBK050J/BOMoMvnK9VRDWigQ==', image_description = 'First help its professional kind seat college feel. Run necessary buy claim memory avoid. Service yes style blue among return surface.'
        WHERE counter = 8;
UPDATE ingredients
        SET image = 'IaZK5PIrWNSqbBFvqUGS6lkYhdxEKL7l+i34ajubatDhUj1U/dqzpJ2GkHq8RYg518u4J/QWRAGB22A3cjHiolv9CHVQqIS/tLZ3ZdolVL+a0hOV2C6W4A502JFd0+yyCwVkSw==', image_description = 'Left movement out. Force key coach quality reduce enter stuff. Return professor book.
Case skin protect skill.'
        WHERE counter = 9;
UPDATE ingredients
        SET image = 'B2vGQVlAQNCuytYCoZV9uO5buXAAGGGjsJbRfAXPpoD0OcGAq7JIOQwHXvs2vXwNtDz433At+syoTuX3XX0ijTnUgpzozrO5OAK4kyNskjAirBjmmsJRLn2nqXYN6LtEFgoOaw==', image_description = 'Almost enough raise age once production our consider. Respond computer mention join debate former production.
Fast effort without determine per seem. Gun measure wrong according law commercial.'
        WHERE counter = 10;
UPDATE ingredients
        SET image = 'XzccqgvTT+970Az09C8nRgtGuI80Qj1xKcQqXaDs/+isXSrAY0NbxubjHEQ1Dn1smEM5/sBV6Bz0tOcgsr0zVE5bOd8KjDdBSA5kt9yDI/bkQMPKizKzjgp5VUBiFrto9OvexQ==', image_description = 'Old option check smile. Personal avoid tax during join.
Beat become structure side writer different. Identify do according daughter value debate.'
        WHERE counter = 11;
UPDATE ingredients
        SET image = 'HNeellaJW/aDLsZG+xf8JXXJs57RVAWP8bdTiWJlHIEaECwpdcNTvsHoJNJRZCahjPNV0yJGX54y+6QjK2oiF4eu9AlPPeAC6LrLCEJlcCnjDGHQSNPel9zpy2Z1yNcJU9q+sQ==', image_description = 'Activity at woman local staff name loss. Growth step son be factor to space table. Today myself mean artist.
Lay bad figure growth style despite.'
        WHERE counter = 12;
UPDATE ingredients
        SET image = 'pnRT3uzcIu/708sHiLEmLa6CKoMZxmQ6GjwNP9Mk8z7D3Mkj/PTViSGdbsDwWWeEy/uVckctV50mmNFReCgPSHFmeeOsZTpnpowOeIEKaC6KXU7pD1zY9PUONSDMTR8eYiEwdw==', image_description = 'Group a goal various. Big size thousand money security.'
        WHERE counter = 13;
UPDATE ingredients
        SET image = 'TS/0QEEV9Y+B2D2T/FpWeImoP1JVCRxLS1OYbBHJ3OSYtojkGRxjoTiaywJKibPTAMHZBYXiTjCa67Ub92YnVO7Tx8GMDSwBIThA8N4xBicCQAct6KAJzR3DJaxWDfxYQcNzMw==', image_description = 'Face knowledge impact thousand some four prepare. Various condition number run along. Best American improve design.'
        WHERE counter = 14;
UPDATE ingredients
        SET image = '8ILlNtaC4U6kQHLIzboDbhTRvzMmAnfkaGKRVvqQHdSTNf/2OMNe2R/UPkrmXgeiykky8nFdaYHoDLrWpkxR97t44TsdyZ/ulhCE+FSwia/SgSbe6Ugi2cEmoWh3dfsj7GpaaA==', image_description = 'Tv star model. People bad attorney along road animal identify.
List forward nature toward. Financial fire enter realize.'
        WHERE counter = 15;
UPDATE ingredients
        SET image = 'VMeBf5AGrNuSs0uh+YSkvFkM22A5+4glGogzbn9QEAbi8aW+oerjmK9YL3fbxgrTQ4hfqrd9hgn5lDzsYoZ/wXvndL6HYLGOC/Wv0hJrCjd3q/JR1dDB5w4f7C/tmgABtdqMlA==', image_description = 'Happen magazine cold point. Section option court make stop against.
Despite fear from general. Enjoy kid cover majority. Color history whole.'
        WHERE counter = 16;
UPDATE ingredients
        SET image = 'TsW0tHnnCJ3BE3nR3VbdRc4d2EWvMqvDCK6I7AnVxjYtFrvzKFl16nDIjcGXpQ7QjgkwB86wqmIyN0A5q8gn266BkxZzkGbZSi7/pCq/7niNjB4ZZ5A3EbCrkGejg/ni2pzShQ==', image_description = 'Of record person method might. Step edge group option she card mention.
My trouble four such. Call doctor light necessary have college I collection. Person they traditional those.'
        WHERE counter = 17;
UPDATE ingredients
        SET image = 'nhQP5YHvKNl4JT1Ym/M0x4zMuGpJqQRXs4bFxbdfmSi/sjXtdT1MAfFWU6UPKdG/Luo1DJLlyg101oTQzVLhsjmvU0gok282OY0Lenhtg1/oRMiCcy08bTn5wD6sKGRF5QYmQA==', image_description = 'Effort service director management property. Sister beautiful owner believe cause impact.
Amount movement bed. Seem key he stand. Create than rock.'
        WHERE counter = 18;
UPDATE ingredients
        SET image = 'Qdx+X0zRaO9WMy2a894A7m8CwWStMrI/uLFRDHnaMqi7m7hnSIKvSlklX+atT9MxKbkeaTAYQmS+Jp2CNFwyysvI/g9r/C9LoUYnbPH3Q8zIMnbk/owrKk/Xo+nzTUSHbgMPVg==', image_description = 'Increase include popular employee since station. Those surface within bad too general these. Direction watch down make evening both.'
        WHERE counter = 19;
UPDATE ingredients
        SET image = 'K1dVW39Ip2u1PpHJdNRwnL4pBoDzmP+EpZoHh9MHSiO/7JshNEls9Ch7ryOiYnvHIaYv0s1wBA9Tpkf+1UZAvsP/gmPnq5uhXU/UazVQIeaYFMxGY9XPkw7CFEyc7S8996tOgQ==', image_description = 'Would character open language project suddenly. Game hour point yeah audience past.
Care put around. Water key bar.
Ago how simply between. Three particularly leg in up analysis.'
        WHERE counter = 20;
UPDATE ingredients
        SET image = 'kIYcX0E7tffE/JMejz5XTuM10TJCcLbXDYl0hlINYVQkD+nnTjg1sMDvc8SM8nS0Y7iBKfBVhsmgRLc8tWo5anjf7txyyGlCmQZNrINsCZgIGt1zl26vu9M3/hmXHt4loQtROw==', image_description = 'Across too project car from professor debate man. Range rule team bed responsibility whole. Together major make use game.'
        WHERE counter = 21;
UPDATE ingredients
        SET image = 'kcuAapPHKv1+1hfb11KK4P1naI/huVf+xI0N1IsPcCxd8NmDA06caScl14sV7FiTLgZcMbMUe9Fc6F1Jl0k7cVD70HGA/NHQGJVnL9PQHZhmEeq8kQ3Ah7fk6hAyBBy3lfYDJQ==', image_description = 'Outside section design well thought admit. Address picture nothing unit month radio toward. Herself job agree gas really.
Ten question friend similar maybe bank. Service use I with.'
        WHERE counter = 22;
UPDATE ingredients
        SET image = '/tdRxAuyS0zVw6Voh/pSLvl+RoDqmYNF0YVELiWiM/lMkDZaMGun+Mvx70m1khr8Mns5Hh1xhld0ewQItOjNAJAdHKXHJZIfmKfCy9Bp1JpLatGxLSNBYZXVcuvhCjDCaVjNTg==', image_description = 'Apply among travel mouth who term beyond those. Consider nearly bag. Wall couple science yet lead research street.
Evening television should leader blue writer. Admit floor Congress into left ten.'
        WHERE counter = 23;
UPDATE ingredients
        SET image = '1LF5Mi1Lbc2qZrE5Z722dFb+3HeubO8LPN5KPao58RmpybBEoMP9x8KAOtF9PSn2t4vsnfsIQqF7CH+uC/T7jo8RnrSD9CHr1naxPQVQoMVpP26lo55FMqjPhbJ1AkL9o1S8EQ==', image_description = 'Certain part party. Already stand prepare senior must compare. Talk school five try leg likely not. Often month add describe laugh fish drug.'
        WHERE counter = 24;
UPDATE ingredients
        SET image = 'XtBhwIOzm0cUFhNieo5xx3wGPmExZX/T0viPIzvrgBkhdTzLXBDO4In+eerdC3EpzkAuo9v+KJhQHB2OHluIgeuO9TBTkcJikw9scHSzIzLtA9QSs6VOtubyKi3zdcEkRa/ONg==', image_description = 'Somebody work meet kid campaign trade. Least investment me move.
Assume rest million wear. Present whose miss get specific production.'
        WHERE counter = 25;
UPDATE ingredients
        SET image = 'MBq8G/wOb/YIIj7b2lBBssxnS56pVFG3lcpKPOl3k4Dkg0dHWiEe4e4c3vXXUWRV18tPbs/rz2ZnSJRRT70qkusvdW1lItZELGnqWm0Y403RqlXrh4LLbCXDbbsrzyXbb8neNg==', image_description = 'Phone rich sure service social artist. Growth citizen already name present forget poor.
Finish soldier discussion visit market every indicate painting. Three stop attorney pretty enough them forget.'
        WHERE counter = 26;
UPDATE ingredients
        SET image = 'JOY7C6HyjaFP2yHbsBHnbPKwbtaWPBjMgkS3HQ9UKzIe1nPvPc+kzwVVuMV2MFNOlyiUtdFsV11EYs7itj9rAd8bNOFRj7FV/Xc+nmjefL2Evk1eOWExLgQRDUvt5eG3ENL4Dw==', image_description = 'Energy Democrat movement vote executive structure prepare measure. Behavior enjoy expert control.'
        WHERE counter = 27;
UPDATE ingredients
        SET image = 'jsVx6rFV1cVNhgEJe/xbYn9pNx5smR8FGLMNkrhufbEWsfrFpiIim/VpQ83fLF8/N6w6NHEEqVwCk8oDoukAzZxwVuiFD7vewCmH3FerSC/yHX8XaR4k4clI/yoM4lbzofUF2A==', image_description = 'I carry success guy building he. Ahead guess positive draw east teacher. Long will detail set me. Offer long interesting nothing prove team.'
        WHERE counter = 28;
UPDATE ingredients
        SET image = '2NLCNszzUB+rLBS1tLGJjwOOXkXnr+600s756FYQwstLhLJdY+RPx8WTH0/ZQkHZf1qjX+AN1a98u+23so8dvWsR9CSHtVY+HNF22e+yQqGz75baSS55j7I3lKH49eQTBCfkCQ==', image_description = 'Nothing manager exactly call summer listen poor. Industry perhaps history people technology tell leave. Subject special politics.'
        WHERE counter = 29;
UPDATE ingredients
        SET image = 'PzDeRpPhQh63cBilSLZu8DMXd9crN/ChsDkcrp06QC3sssoyhW9CqRDpJJwV/09rgCXIjyfh02CnDejmxyA7r4rmwEu9nVEURuGU0hcX51xdeVqYUThAfw5QiIcDp4jEg2d+lQ==', image_description = 'Rate training around hit off.
Apply reach help everything general any raise. Quality finally western nice the increase certain everybody. Strategy concern yard ready could.'
        WHERE counter = 30;
UPDATE ingredients
        SET image = 'X6nO5l/4lfP4rhZCoudup78y4bdYET86T8kE6UCIbMZUayph5F2srPEHshMbbKmRYsCZ8UEPkCD+lMyVp1kM+Yg/hXRAuUHpg4GCs1bB+KYoXfRgNXf6u6f/ayflBLZWhFTWYQ==', image_description = 'Go score something outside. Nothing later of usually act. Key individual very strong. Go bad his read notice also buy could.'
        WHERE counter = 31;
UPDATE ingredients
        SET image = 'bJVSja14uXBe9EKF8+hGB6KuiLBxlXCDi5X0IHZ/R7UZm9mM0lC9zAQuf/t2sk+SiS/Rcr0lf6dtQkfAR5o2ggqMBkvP2SWW9K73O9V46eb////BRpcTwmdD9/wsbJ/oRfA2Gg==', image_description = 'Conference site financial citizen serve. Eye class fight mission center without. Consider within first friend.'
        WHERE counter = 32;
UPDATE ingredients
        SET image = '7YSGyiwiig3v+7dQE951HYQ944zCMdzvBmUhaKyUAhI1MvqUzCoFAWq5T8hQYmdVERXkZaeVF9ruACFxMOF+x19WNzgSKgEyOqZv2mFAd09Lajn5xQFo1n+hlPA0Wi3XSKjRww==', image_description = 'Fine certain ball food herself. Course quality wind everyone. Officer loss kind technology.
Yes situation fast watch wear a.
Range leader people father save. Generation body PM hundred whatever.'
        WHERE counter = 33;
UPDATE ingredients
        SET image = 'L645ErBzKq36TWyF9I5T/RoETmTRcla1BUICq8blyM5a1bcLfIkeClw7R70FAAO7wZQVHXGnv0N3xPV+Fh+/tDnfOs4PI6OhXXlZ7P1zYkqB03Pbp47q9o8QQ+nfvxCbr/TEZA==', image_description = 'Carry someone husband then join begin speech. These cup direction these serve television gun. Director defense yes middle anything responsibility produce.'
        WHERE counter = 34;
UPDATE ingredients
        SET image = 'V/+tYT1djCp6/CMBFA726K/Bdnj3mD3pjIJXpgrLJDKOL9RCxrDLV1OaGTYpOok1h5hEJ1b860moL1pLtS+i/0KwcIyIYBbvX74j1cYLJkHNSDptffjPHgtDhtI2kJLZNFUz1A==', image_description = 'Deep establish no significant. Person nice four most.
During great what scene adult. Actually meet official such increase pass enter.
Might include woman president feeling.'
        WHERE counter = 35;
UPDATE ingredients
        SET image = 'dHTpUDQJhHN8j9UcHcjXfT8NamE6tjdeiEsd0OTB4PuQcc2s57zkhfnkKnQYZjGjhi+MHr/o9q/j4pGsiM1oYYIUkRsdEED1g/ejvjpSjo9HRiWy3yLhseBwTFj1HSzrvrmSCA==', image_description = 'See early look avoid strong time side we. Share care late technology box. Upon while bit glass win though.'
        WHERE counter = 36;
UPDATE ingredients
        SET image = '/W3yKL8QWFHf2yDScW/6Sc75+8n+MId7zmEcI7jCVlYPYsHr6JM1fotYh6r9XdNnmJJZx2/Oug/1/qMyExGOwBFFREbJxSItihX2yboATpa5r+y8Iscy+HeuO4sdTq72fzYoQA==', image_description = 'Say light blue about about keep receive prepare. Go speech same house turn just hit. Carry off fear usually listen agree take.'
        WHERE counter = 37;
UPDATE ingredients
        SET image = 'j5hvJSIGMwvxHACkprIAmRWVPYoMVNFmvnrut4Qcnr6xBWntyDz3yCUXcEr+/C29su5PERRHFDYyd9TmP111cIIdqy71M5f8fX+YhqWM30PeI8VKYejMI8caBQlTjU5zuivR6w==', image_description = 'Law choice show unit. All war likely expect charge thing rich person. Any baby dark laugh never force.
Heart until recognize response should share bag. Expert close wish power win.'
        WHERE counter = 38;
UPDATE ingredients
        SET image = '+Hd59YbWEbJluNWypD7kaQh8DHKE6UuktnI17M/mz0c4KRIqpIuvx0CC62SfEUM1Il2X5dXDu24UJlgojB6imyIprazlalowvFOcQXQPI8aeUUfBe7O8VNF07B689Vz3L8eQZA==', image_description = 'Try near likely never bank stay discuss. Together series we maybe available. Store for ahead whole newspaper.
Benefit miss south north why. Ability whose establish cause.'
        WHERE counter = 39;
UPDATE ingredients
        SET image = 'gLmH6xd9k0gUiQui3dh0ENqnlBSLWCNoyCrI/jMVvXI4nb+XEEcgFWDXSVuGc/56NsIPz/DC1LNupz3igED2VFOB2NneEF+Pk6tKjwQ5WD9v12gR+XDvdtfOzbY7j/xhSMXMgg==', image_description = 'Pretty more money. Despite somebody half movie PM two. Thus man world long.
Final then soldier order radio. List model argue miss. Understand energy final nearly learn.'
        WHERE counter = 40;
UPDATE ingredients
        SET image = 'ZW7Ht5ckPfSFVvZ9Hbq2X8ms52gW/4ZOEVfRTgcBZRIDT8xninBsro1ufySNrLMo6hSMMI2aw/TdgyudFEbdnnUIxv2GKaRHeTHBeZECR7Amy6no2R/g0+slth2TPfQnB2Tjcw==', image_description = 'Every fear capital people relate. Billion market board agency social.
Trial wide herself majority sound. North show tough while wind program. Of beyond choose.'
        WHERE counter = 41;
UPDATE ingredients
        SET image = 'fLdgknoy3GaCyTfk8rc3QkC0A5Yq7T0Nvy9IV2p6cL1WRCHZk+rf5QeD3/JclSfUXlIcsFBFBvIgGulzklrGoMoen9vMRydYjFo+8tE3eykQWffNMfuC3Y8+UPZ34DmCNjp79g==', image_description = 'Top human do camera.
Certainly whom art poor. Analysis tonight power black that skill bit. Media real less let small until Democrat.'
        WHERE counter = 42;
UPDATE ingredients
        SET image = 'fabt7tG5r25tXIxPEHlejHnI3CQ658Zool4ZDKsniOp6WFv5TzTpTqr2cXX6Xm8v5v2bLhR1sQp+xP4GEcOxbYmRbegvJyuR8lD3uik5z52bU9xZzjnN6f+Q7Ue/+rTModdxnA==', image_description = 'Administration wrong police gas huge. Painting radio final this do adult.
Republican at woman guess hair drug fact design. Reality rise happy western special.'
        WHERE counter = 43;
UPDATE ingredients
        SET image = 'oj9GXd5uqxld87n6BaQB/3ipQvkdBWbMDINJUgml6pjDGk33IDvzKcvK2ETYk8QCIvQD/gyUGqTSYDsjw/FQP92lnbjLfDRTGr4nCKlfBnnXWrHhf4ghQfx4rxQi5HHwRRTeRg==', image_description = 'Wrong issue tough field act herself the. Indicate possible success recent.
Understand strong service bring writer day agree former. Voice budget glass realize run same image.'
        WHERE counter = 44;
UPDATE ingredients
        SET image = 'X2NuyMrRkLe8HeeMJWUiwBUDzTfLetZLGlOPz4En7HKoX46UF3Gt5A50FmQfIG6t4P0mKR+2HGjaOCLb4ZZSGKPx5e+2QC48RDRohtQSWW4SRYxg9hTBdxgdlO8cTI+ZwiH+ug==', image_description = 'Rock plant idea there. Prepare them science.
Professor our look range throughout forward. Year town chance network main young people drive. Writer attorney chance allow.'
        WHERE counter = 45;
UPDATE ingredients
        SET image = 'GLGTTWKHSwAKSaQNzVArJD5ez5HijdzJFgYzBdh+J0mMrrUvd/gc+ECUBcjAYdlKTD8VyEaX1VjSXhBY86LgrJWDikz4WKpt6dCie8zcBPA+dkeFPCkUrlMYvct0msGoXESo7A==', image_description = 'Matter society recently. Treat peace and big. Ground suffer peace expect clear.
Another hold ago order language government. Foot quite accept kid including wait relationship.'
        WHERE counter = 46;
UPDATE ingredients
        SET image = 'MdolRzLYGHjii9yMOd+CtLdKQOh+NKieTwQt5k7BIm6C2Saq0E9xsyNgNKtMqEI0A2GWD9PQ35m0YADbj6ZLVn0i0ygKvang46UleD9S3/12UNkUjtsbnsb1uYYFuSZvz7pcVA==', image_description = 'Can store ball figure they hot federal. Off agent enter environmental leg ground hear Republican. Certain she charge new woman voice beat.'
        WHERE counter = 47;
UPDATE ingredients
        SET image = '4jt2+B5HuLUetEeQbY0uaECPokBkJrD7eGzbIVLGeDVrrhd+pyWhPjRhEEepW+SeUnO/J1rJjFgf3Yfu6bs7xMk64OIG/pSnlQ4WpUby4O/jpNdLlcxqp6fHQO/ctHkY6r1IaQ==', image_description = 'Administration air land design human nature. Book fight scientist. Wrong left size author buy watch yeah. Face cultural write authority.'
        WHERE counter = 48;
UPDATE ingredients
        SET image = 'NULl1f7iqkPvCULMZ0OMuYyxeq4QzrynXXPhvnG9MgYm1ajGtfH9Vy9COqPvJy+LYfYeGzYi9J1PibDap4jMYHkuigopeI0D5jCiRDOItjKvH06EkxdaPWz6xdryYMb4FHimAw==', image_description = 'Option boy wall. Break town number affect product there.
Apply actually season present among throughout attorney. Me hand ahead improve six. Field fast later.'
        WHERE counter = 49;
UPDATE ingredients
        SET image = 'Q5rq6uLkpNAdrGKvB5/dimtWe/MolsQ6FJ+J8C/6SGkUUYEDs43srEoM0O/Zf+Ms0MlQhPLh8h7T23BM5Ey9RsTuJj1rcrLua/lIoYHnLs/3XXoW1E7OZED10ZYu7dn+jT590g==', image_description = 'Check will popular play plant food. College owner usually after you easy. Century guess Republican great husband.'
        WHERE counter = 50;
UPDATE ingredients
        SET image = 'B0GnI4KM7OCKKhPeBGY1uCOWajhGkkw3NLipCtOkcPZ1BXXk7d2tSMDyctGF3m/+OUxxYxVj1ajOUwm+egsHqu2iGF9RqENcDULzmEpL8lrRwPCyfNzfcScTQMRJfbfnaY+t3g==', image_description = 'Now develop each. Establish leader forget talk that receive. Option front consider reason call.
Everything important single subject over growth close better. Agree room position.'
        WHERE counter = 51;
UPDATE ingredients
        SET image = 'KE5HdXpyMhkM3E5Pt1oX3CpOFqW6ulC0FNRxN4JK69CXkcInId7gOagSnAFk1Ur89r/ddNt/vZYlqcrThH3bJ6X0gpY6ETqiM5snNv+8g5h3d+c4QABp1WDx1cvwvrbmId65zA==', image_description = 'At foot follow court weight thus hit. Much fill very move pay require. Name one you loss all position almost. Son every show property can want risk building.'
        WHERE counter = 52;
UPDATE ingredients
        SET image = 'I/uQn43KcpxIgFAx5fN0PSHbZ31eMUjeFh1oGpMgiYcA+BKN1m34CMaz5o0P4kk/a0RitWAOAlj8GYhU1bPYbSEEFBdVy7lnWZ3oRoLwHTwoJwNKEBK8Ey+kzLdZJvZ7ymuTrg==', image_description = 'Family stand yet health commercial fire team. Red out both.
Choice wind analysis. Difference every enjoy the value quite leave.'
        WHERE counter = 53;
UPDATE ingredients
        SET image = '1HSlTGZj7QByrEFNQYa/orCM22hYPCL7rzWqcxy/FINN6vU5eYqRyhfbyxHwBV9nzeGbwtAYfAh4IhQeHtVGOrscull1exp4LMIuJJuz2BJEfaqiQHTj13/8SAz4oqPk6xAK4w==', image_description = 'Huge environment oil civil with join teacher.
Rule tree approach feel author. Room future wait.
Investment mouth success skin recognize small situation.'
        WHERE counter = 54;
UPDATE ingredients
        SET image = '+n+Fy3ECP/Ihc3pjqovjBRta097u4hfi2LcMEc2SS14qxFNxz+Xa3kEH9+Kqhs66fqkIxYk4Rqu69ufEEUdHg/l2lJ93Ebw6uEtlbIlrV2C37ovpsYQ5KMJanllZBFhDuW2hYg==', image_description = 'Billion room shoulder best industry. Protect program learn from.
Mention front idea technology. This onto customer investment.
Stop move interview. Big together get cup quality.'
        WHERE counter = 55;
UPDATE ingredients
        SET image = 'YpzHpFz2n0gBmr4aiitkrDdQJLy+j9O3+ZNVcLLDqNmmRtiLMESekxGPQ2eq2ymx9Di9KFN8vnarcyxRr86UGFtn8YBxU709QBJeAc55t1njQntVttrHQEQzqwoAqsakZkPsTA==', image_description = 'Reach task since as total away recent. Cultural newspaper practice month pressure check natural above.'
        WHERE counter = 56;
UPDATE ingredients
        SET image = 'LnCo+6LSi3jViSVL3L9zRbd8Vbu6wwcrFseSfaa8FSqS75Urw3gnrJh1tJatUsqkYTnEcyNVvr1RDW5i5nF0tXtTMTzRbJ7VrKueZ69PFuJagLsIdLK/JjwJ9O/hZIiCxiMR/A==', image_description = 'Ago manager do degree else. Edge phone need federal important almost kid. Sea radio institution perhaps glass. Man feel on maybe.
Official doctor oil consider some very. Example certain mother she.'
        WHERE counter = 57;
UPDATE ingredients
        SET image = 'PVjzyrmnlfZkSuYfa1e8aT02E38xustAKYEMgANXCVquj0KlA+gSf7RQiDVcD5wnuSZ4D+i9pGiD7XQZujQrPggBinaYGa99OaU0bNaNoTxzDmFc7I5/EGVMupINyFhwvjk/fg==', image_description = 'Professional capital day instead. Beat quite two last. Increase miss quickly whole mind month tonight. National song professor full head level rather.'
        WHERE counter = 58;
UPDATE ingredients
        SET image = 'RIaW+5iK+Os3xjmbR7ZYSapI/G3oQ4IWxkodSffuGHAmMT2nNq8Fo17fg/nbCOwA8uMUZu8TMOrdOLdI04nPm54r+gr4iS7YwUTqQ940cVwLw1JuzJXPWHaoL3TXXBORHax3nQ==', image_description = 'Available kid against reason. Form rich way. Word about great agency well if. My rock sport option.
Administration two time among stop cost. International large agree southern teach wind view cost.'
        WHERE counter = 59;
UPDATE ingredients
        SET image = 'q3SKdZtjqkAOrWBjfZUNJcqejtvKbInmA1Z4OpLNHuPmE2E7KkokNCFMuN00sc8xT9UPqwTm6tyUzGbc37AYqJPORUg0o4If2MzPF2EftCt8fZr5vtrHG9fPuzank+sh80KgvQ==', image_description = 'Particular machine allow teacher to beyond. Sometimes debate husband during forget traditional. Huge ever home.'
        WHERE counter = 60;
UPDATE ingredients
        SET image = 'lpVAoJs2fstx+sd8o+1hjpm6IsYrzJCKBEyJ0VLQvH2fK0B3ds6GIUqkvT0XybQBGujOSnCY426ldaiJnsqYFEQN9hMnsMCh1iirG5NZRv98tljeibNJnN0MpJ+HX86EEiIHIQ==', image_description = 'Game from history speech much. Television environmental close phone. Opportunity amount painting author spend him value.
Ok head reveal at study. Nearly security especially economy include stand.'
        WHERE counter = 61;
UPDATE ingredients
        SET image = 'umZmgug0KaDX3l1ASv4WtU0FtMU0IF6mV3rWhnpwHnw6gF1X2u/ow2QlCWNQ62H28AG4lEAmG0P05MCec+wKI+PCRNtfmnKSNjLfojniT1BqQs/3J31M8wHNZ3Am728/r1bmFg==', image_description = 'Full still structure investment let serve after including. Artist kitchen somebody performance check music. Knowledge city himself pretty bit.'
        WHERE counter = 62;
UPDATE ingredients
        SET image = 'wIvOs8boBlUj4xFVW79HMJvERWI686yOzeHaX5ypsIjZkKSk/V6ans7taaVmbl+ef6OlF8s1+hcsW1rTzOFY00FvZhOcyS0KTL/scFkxsmbgiB7hqoQ62hB3V4yaGDtbQqgYxA==', image_description = 'Same ever article sound generation whom politics. Detail a bill building treatment home hair. Night necessary heart red discover score.
Worry deep computer nearly important fly. I imagine behind.'
        WHERE counter = 63;
UPDATE ingredients
        SET image = 'ChvIeXj1lUgX1MIrgcbWu9amSoEZOphWZDKtpWyIijs80/wxP44vYd6i+JYX3OdpUhXWKp+iD8szbH0Hk46oVkKximMMKz+Qa24xxK2B9nOAI+593xfdt33mwxrdNrf4NIGZHw==', image_description = 'Staff recently majority view lay pattern. Word after marriage stop while serve upon.
During catch example. Above water together majority recognize.'
        WHERE counter = 64;
UPDATE ingredients
        SET image = 'q5nQXWWroj6iiU80lSz7maMofQpN1WxCOoK1wJh6xzi4gHG0dSR3cgMzk5APbVUFeZUQ+9s4XBkChEQJ+0xHLpNHwmCjgGEGb6n4TrLSfQt0bcx6F18xLUJJfU168U4TXo4vVQ==', image_description = 'Arm system policy score. Get him floor enter.
Continue huge east president generation add minute. Throw fine join include whole organization accept. White study movement standard rate prevent.'
        WHERE counter = 65;
UPDATE ingredients
        SET image = 'rzVBb32pVPgUiNK1tgiz4K74EI6xZQexl/lOQr4MDYykgaFzx7XPc2bYr3zkfRNtn4FCSvwAEMUPkKtRmRS23y3h35NKF48otp78CJu7eERO6thyFa6eTWGGfPOqBzqQZRw2Kg==', image_description = 'Major hour couple both region. Impact about create specific identify material. Agency decade building.'
        WHERE counter = 66;
UPDATE ingredients
        SET image = 'BG5S6t4uzKhzxRh58Vx8BdOy4T7Rf3uMdDWNBcWxrKGpFnnB+My+Tp9y6j/I7f+Hy8FxB5isbM3enTdBxakq2By14frSmbdx1VHhZZbxNGNPbr13+1nqYV42Rq5jqx4+Pcy6Qg==', image_description = 'Case major realize not collection cost. About second other find catch one reveal.
Audience attack want power better. House color until firm arm.'
        WHERE counter = 67;
UPDATE ingredients
        SET image = 'BPmJU4Xm4JTq7lcljzU771hfYrrKsqfZwrKZedVe47qp7FmD1RVeh3hZoPMCZQvXUzA9icrJFbDp1k4OR88Gbq3SElANdLKtKel3+R2TeJvx//xg29bQkN+t4Wbd/kRTo9tKNQ==', image_description = 'Successful term girl four community nice. Box involve skill table sell behind keep. Under discussion marriage walk.'
        WHERE counter = 68;
UPDATE ingredients
        SET image = '1ygon41lT1SCY2r+nG5Yx+aIlByqJ219CRaozDuynQQEzlCevxaVljRn1zkv0Vv7yvCfcUR3LaFLnAsGOF2IL849hVr3JoOuUfyhk7/0eQNNljdExrUYWLeTBJu+5c9R9a8IKw==', image_description = 'Another song last fly leg suggest action. Data four onto final sense believe fall.
Building dog Republican special together window. Region he artist magazine factor election.'
        WHERE counter = 69;
UPDATE ingredients
        SET image = 'xSBBnHZyMVWon7369MuVFep97qz9BoIOmHuj48SMN/KXc+CsckeeIkXK4PDaF+6dg55Gi36bfY89P3mULJwTsOPxq8Fc+P4LBCc9X8xawl7oIUgW4SSsIeiAb5yEALwYKyIreA==', image_description = 'Firm hit drug information matter fund artist. Value lot exactly. Debate region employee enough last opportunity mother laugh. End change grow cultural.'
        WHERE counter = 70;
UPDATE ingredients
        SET image = 'IGjMjUy/NVnV++gf15x1MGUAoqZECieTXfZ3rT9qKOuFjvncl0U5yWlOf6980vtH+oNiBOfxJuWVeYVbfhY3LhRZv38v0l+SpLfIM0d/y/0Ly1CCYR3iDY57otKmbk1uJUP3Eg==', image_description = 'Relate environment plan laugh development others. Image tonight lose strategy city send put. Week know work talk tree.
Choice sometimes professional glass sea walk. Half history attack.'
        WHERE counter = 71;
UPDATE ingredients
        SET image = 'TJ6G2Lrcw6mcIX3DiAcxRSAL3FFkUFlkyAM8QS0nfgkecETcGrAxZQt/8+Gpo46zHWaVRp3qgYtXP5R7QcQQ/CahxMK+tDBVlmd4ZQr190Q+ZTEOGiOzdbzGroTQyGOVX9PlsQ==', image_description = 'Face public relate begin establish mission hear. Matter movement if area lawyer community toward behind. Rest add against major. Debate down community them yeah.'
        WHERE counter = 72;
UPDATE ingredients
        SET image = 'Q+CSxf0cQaHtx7V1xxYx/ZM6D5Tieu8EgPPnrYR6WnfXLF2LYmP8iNiVSXFzrx9o219ZtT8mU6daZHsg7IC1AO9Y/BZIglib+9PmSBw+tJtSjR595f4l/q7/Ie1RcXMlup/Ncw==', image_description = 'Total light level cost party learn. Ground sort in.
One suggest until true teacher kid personal. Water visit tree financial.'
        WHERE counter = 73;
UPDATE ingredients
        SET image = 'U9cLHTI4++gWKqYRipqoz7xSgFjbNDOex9Mwh2fe4DasVrUZZ9EEA9s1g8GOoC3+fWD32kcAhOpd0oz+SJiJWa2fC5icA6AA2oV9LENLWdAgPQhExPaanTKi1qYs4VT59Yjgeg==', image_description = 'Mission take author.
Decide laugh hear history present trade. Level hit full develop.
Deal clear total both because international red remember. Major church letter wish.'
        WHERE counter = 74;
UPDATE ingredients
        SET image = '0+oT/fbgYbIs2a2c8TZIUCsVAhMFDTyvfhCcyrImu0miPtuFYgosz/PvrQ4j4A4vtQdDrjZB+CrEwGFLTxGurmM0T7VpqA/MmZKCDwSTGNCIoJUAf+FUdUaeVtQ1IPsyeCO7Zg==', image_description = 'Include official he sign our. Evidence near street number citizen toward yes. Specific data may probably simply Congress site meeting.'
        WHERE counter = 75;
UPDATE ingredients
        SET image = 'V6+Bs0XiFaKgcBiT+eMM3uswWFspZrXPhH9PAlExqa8lKWhZrqdf30x4WxkNfAeKGrXYYQtFu8zct98FPigvD+6oy7BYKjfC3ipZwx620qUfB2xDg+OdvUh1ca08qzAOcnmH9A==', image_description = 'Physical establish say heart end employee perhaps. Imagine training sign design pattern board. Answer send adult vote high leader gun.'
        WHERE counter = 76;
UPDATE ingredients
        SET image = 'nqmBVZn6X3/88P61+PuNyB3/aW9FSQ3TvVfVQavr/CPmW8TjP500LXl5KvwbXp5z3zfQUBoC/NiuNB66qsudzmft5x+KPkrEvKZr7m/MDjpoYJHo3mSfhns40CnLn1bjY9TJMQ==', image_description = 'Second black old central because. Issue bank six. Case red tree world response.
Already forget forget yes second. Song myself sing table.'
        WHERE counter = 77;
UPDATE ingredients
        SET image = '5Gp0OW9bQVh8gN9pi7h8OcPRPEKZl3QxikDldmq8g4+/6ltlgwKIHvTTGxoyV0Q7Bj5CKMBEo0h7Rc+6HDkOh46OxQgOrnevEVefzhcAfjyYe4tZGfXRmzf4lmUQgIwrNw291w==', image_description = 'Field mother end morning purpose question. Kind poor choice gas ready. Hand myself information whatever.
By camera ask ball hot team. Decide responsibility describe on same network for.'
        WHERE counter = 78;
UPDATE ingredients
        SET image = 'JcJDMHN+O78zr1uWn7ZS+cxtxe+P0GOTW42FSO/b09NJTQ9oz5lFEboos5x/TCTesyDYuXGiCeu3PdXLjB2uvQilY7PAwlJ3ufuL5rwBSwE1wCaIKpOVmJ7HKx27S9EGxeEvuw==', image_description = 'Seven and pressure participant like peace mention. Old kind cultural. Reality surface nation center myself man partner nation.'
        WHERE counter = 79;
UPDATE ingredients
        SET image = 'yyNKrnHqa6dqjsEDfc7FVGbudhe7TEy5CTwVX9/FNo3Vnd//ziDBJJWyqjggGMSiBic9MyEexibB6TrwTpQFOiTUQiKTIzM5VnxOco4b2MPoSGBZPCRykX3LcXYhb+Vnkd/B0w==', image_description = 'Current address last term. Up spend perform election set anything. Face across thought successful lawyer.'
        WHERE counter = 80;
UPDATE ingredients
        SET image = 'TjcvKDvc48n285S1CC/BDw+gGDI81SVxRGlQc3tmx8+CORu3s7tL0BQNUbA2RK8dvnobxEyazcrpYS0M2Hm9mT3SjAspQIWi744xtskpRyyJk6aynzZxAzDSMJwBvyXIrsTkZA==', image_description = 'Go manage shoulder why. Alone piece figure bar want. Then southern consider court.
Car think ago century and or. Consider once old final me. Face parent more physical expect teach common.'
        WHERE counter = 81;
UPDATE ingredients
        SET image = 'r5OGdOZKnEDn5mGvnPYzMHIky414TpiJN0oovg6jjkOhmsnGPKFaGj+oPXvCyHYoasNuQZwox12nUpvxW2XOJIhkCMNLfnGZZaFgqjvX74uGaIly6C3OyH7Fnpy7/g3XUqQz+Q==', image_description = 'Similar ago fear animal send physical. Current see appear.
Draw same they service put. Quality audience agreement role. Surface plan front none even.'
        WHERE counter = 82;
UPDATE ingredients
        SET image = '5m3mRxBSuwvj+4jqtMvwcfygZwW78V8iaaxsER2VRN0G1RcSqzCrOR8nB280pWFt/LtrPgHbD2jjiuTGf/rdXWbtIQgO4Gs3jTCpd17zRjsBQYs/WymrOlr3HfoyHunNZedk6g==', image_description = 'Truth meeting standard whatever local maintain week few. Something onto father turn site administration something. Republican stay his after.'
        WHERE counter = 83;
UPDATE ingredients
        SET image = 'xAkrXyYfYx8S66Tl2Fm1MI3OnTH8qUwXtSlbuhfNIH/xAoM1p0pWVH27griZdVDE8z6T27xp4rAiP/CeWCcGZGBEEq+8NkCqt+O9zl/m+UgE7DCvvaJQI4ctrTopAPuZzJKXhg==', image_description = 'Business number shoulder stage community maintain effect. Stuff first practice heavy talk reflect you. Either use Republican easy which leave poor.'
        WHERE counter = 84;
UPDATE ingredients
        SET image = 'GvLMR+rlnj+UVup8KWA1CDdkQxyEOcvd1wLbz1db355sv1+7Lp12DjzmF2xfMWmvhzkO6BjCkjsz7qAI2a9IeASJdQx2F4oiQgtNYz2n0i9W5n3ARS7TXO2O7yXP7+wI183n5w==', image_description = 'Reach family attention opportunity chair. Tax record many five record wide.
Record evidence teach very job. Expect life man worry amount. Any dog short manager occur act choice.'
        WHERE counter = 85;
UPDATE ingredients
        SET image = 'nSphHKU27kq+Q3iNHK2g9dmiFPwf6OEf8XPztPO5MAs8K7sK/js+ZFwwbPVDXJ+y9lhm5KHg7Oa5gWh7Ctx8KY3MFECB3jS1WcojTlsnpjUs0+SDg0z3czfUdQnhs2MHQjAlEQ==', image_description = 'With student out nor. Despite list lose fish situation. May my management.'
        WHERE counter = 86;
UPDATE ingredients
        SET image = 'vmeze/ygz0nStmGvlU7I4TNxcT2XxJUBsTf4ieETGbw9V4wbOUiQ61bg391TjKTuc5WEAOJto+RwqkAKgKYxo28hmZbH5IiNGVPLtDFIfGxD496Ma4jth+KAGTq52N0gaK2ttw==', image_description = 'Listen mind deal body. Much hundred western follow control camera during throughout.
Sense result blood. Word card drive history president lot. Maybe social Mrs prove.'
        WHERE counter = 87;
UPDATE ingredients
        SET image = 'N9LlgQzzUeQUWW7+RIepJvNqQAegdvgi1U+PpBwz2OMV+OP999IsVPUjeWpkRC4LpN9eRZS3BqzVF/hJ1XXjfPXCIKhV0omRKBCx21hp8YB8EwFeb2OYWGK7WjTZimt58kkVlQ==', image_description = 'Treatment difference nature surface memory evening performance federal. Particular grow throw walk choose film.
Exist federal catch describe.'
        WHERE counter = 88;
UPDATE ingredients
        SET image = 'SVUK7OJRRWIMMrobXgogbDcI1SaTKuJeNy2eir1xq7pYlR+en+fvbJo8lveS3elex4NZKhXVV1fOI74tmCNeFSBqqAaxE1YaEP3riraxfcZYCMRHtWnoMphiZJnMKMoLbGLJ4Q==', image_description = 'Administration really leg cultural election expert age. I above enter her base day often.
Soon participant apply close summer whether culture color. Everybody analysis condition clear in.'
        WHERE counter = 89;
UPDATE ingredients
        SET image = 'kekW/WwM4duec/FpM6rFDmBspGmp7akgpYwe/T4t9HhrAUP/K8gbCX4mtQ/WZYLEiIy65e9h2MwGFmIQ8WwYPMHi/im+kkTgFCquWdHqjB7gPWvDwPQVkEycMWnrfuzMUO+2vg==', image_description = 'Piece end your young year lot. New day feel not.
Theory meeting institution speak. Decision account miss close court.'
        WHERE counter = 90;
UPDATE ingredients
        SET image = 'kSFefIuhjDeLrW5Y6yDmWalz4YwOB+UjCLJlLKyynYJGhx27XPgxYhXHvxOIjfsDA2EWCykbFXtkvke7ZzfXJ+aoZl2T8aT+efbTbONgKh/GmUpE8jYUP9+Tb6UdWiHNSZgkbA==', image_description = 'Week camera few practice question citizen beautiful.
Resource worker offer general might section rock. Never quality offer go when.'
        WHERE counter = 91;
UPDATE ingredients
        SET image = 'GKpUEFtvdqGb5iBFxzULg8YziV3yo+W8hWocW+ixBDx1EGzZ+piudIeXnAymigRIQRc7Ks9A260FHELPBsLVd2eS2XWyQVQ2iAmzbSZ0Gc7fHP8o8gBP0Ylem1rLFMO19wDS4Q==', image_description = 'Consider third production respond impact can. Boy travel like office newspaper center.
Management rich structure contain. Meeting study charge still. Old word theory voice.'
        WHERE counter = 92;
UPDATE ingredients
        SET image = 'uoCcxNjQGTaiGj691ZKxNmWz45eHvbrqd4uOyd5KK0AhfHcPzdlGElxxamQj8j2V+J+qcG4krIPiYeOP22LNBXLtnyu3SauUqu/zaJvVOj/z+tDxOrjBIcdSZ1sZ9qANQzSfSA==', image_description = 'Guess ask sign me. Hair create peace eight phone.
Network color federal different including despite. Pull capital travel. Mrs line tax draw line trouble.'
        WHERE counter = 93;
UPDATE ingredients
        SET image = 'SxuHhpNowTvyjmtU9O0g3MG7tMkfrsNXrZ20z7oyFRF2nCE2yYXcV2Gce04Rjiqo3emhUCRYuLiypXEqWbOMcURby6u7/sjePAA9+tpBenpop5Xra0eb7+H2fZrsNe+V2sg4+g==', image_description = 'Character good become individual. Worry glass not floor model another. Truth nothing amount card challenge money I.'
        WHERE counter = 94;
UPDATE ingredients
        SET image = 'xbiLjht054wDDuYqEJUAKIDVIBXNqqhiBXWXfHUiU4JPJV12gWfbXYLKvGqMon87qhvzW8vXEnN+MQVuInt6w2RfZ/Qrx9u2kf1tKzPYnGxZcRpM2OMCIFu80Hhaz2zhxPfFJw==', image_description = 'Yourself admit this meet morning already. Gun impact throughout business role indeed. Film glass happy tend few contain.'
        WHERE counter = 95;
UPDATE ingredients
        SET image = 'UV4pVZv1lC/z5pC/W5zc6TSc1WCI723Vdmlz1HN8bNmnXPXOi1hNBQ76OIdd2Qoo+a/G3ij79VrK23HugniHGFo/zRoyVZscDPpP1MkmsLSVSkTNq3J7SDMqJVrckLwxF5uBYQ==', image_description = 'Foot travel newspaper single town. Dream ok should painting course history against leg.
Simply system our medical character ago. Very use hotel address race. Wife benefit animal take along week my.'
        WHERE counter = 96;
UPDATE ingredients
        SET image = 'hYOEfIilheaAkTTnUP+RXLxrPKv5aNEAjp/4GggJ7msTCYkDMj/+OY+C8U6ms35yNCptpQLnSQNFUFWXwZim3qbi+y9AANbzYHrRlZDrt3QNeZVbeALWqmop/9TDyX0rQgjSHg==', image_description = 'Detail will all market investment though. School gas tend paper. Administration medical technology when.'
        WHERE counter = 97;
UPDATE ingredients
        SET image = 'tX3rKeJD0rXtK87vtBzVuh+M3+jMPvZW4OVfXRiOr/wKmGjPcJcPSv15lqtBKV96Eak2/LUvT60athx6h25aFmg5G8fwKsNJw/rO/ZbXQyc1GSEP3SxDJF4Wt0CcQXLtm35zzw==', image_description = 'Kind major explain back husband. Hospital most effect experience human across central minute.
Onto national hope arrive travel. The talk feel stay. Else require nearly either seem pattern.'
        WHERE counter = 98;
UPDATE ingredients
        SET image = 'Dqo9jG0X9nVN2XpafEzwiIMnP9yyydOojj5pfx3wx9ITGvbJxXWACl17+BDpON+Brs7DL7zwv0kyZbh0nhoOAR8lB1sHp2kJivyXv3kiiWEfTiYASTLOJRO1LSHi+fqEe2YjTg==', image_description = 'Organization carry those since million everyone. Mrs throughout specific area task site. Coach story always language so leader act. Air best without guess message hold series.'
        WHERE counter = 99;
UPDATE ingredients
        SET image = 'udnNitJN6V8CEy3Hc9ubv27xdN/yjT6fY8biewZKA/lF4tWyCApVRNhAb9J+p5z6xZ2pGSViCjMwmHuuv22zi8l5MZBb8dYdTMWD2Hrlmxg7cPaUwx9xE4HcHSSG8aXYN7Da9Q==', image_description = 'Low race discover tree open respond last. South half art nothing letter. There movement sense language style send administration.'
        WHERE counter = 100;
UPDATE ingredients
        SET image = 'TYAdgXPYQIsoy1XE7YcZZQn1Q6cgzM08lMSc9f0yftTHgyv8tDsefaQWOmIHg//VmnbDyfAcXtuZv85eOSRS1jFDMu6q9ZIbcS9hFoGV5+Ie/84wyzRKB4djRZ0w9+IYXE6TeQ==', image_description = 'Color defense space budget six section despite. Design year although because include now food. Cut member answer use toward memory happy brother.'
        WHERE counter = 101;
UPDATE ingredients
        SET image = 'F8i5JyfCfNNFxilQw0DoqV5x/oUNdb4WEsu4uzONsZGnr3CJ3mDtY4jJcDIhIKGz4WVoCaEKDOEw8yZwQPzuK8Ln0DLNFFAzewWQ7IvwtCJ6B58d/rn62nfqOvCKeewHdLPhIw==', image_description = 'Continue possible first beautiful before itself five. Now husband line cause safe. Serve natural follow cover hold. Scene however family tax out early however then.'
        WHERE counter = 102;
UPDATE ingredients
        SET image = 'EeJodFcEyHJjN0P72YcQq9pKvmXcTJeAChaK86DgXnYR6THfLDwTmIjlDTM04SuhUHFt54+yNWOQ32HFIhlPaBsE2YYtP+fPpHw6SC3uwUgkSKkhBIUousB2EgLQOxskXTAzeg==', image_description = 'Hear magazine few personal vote lead. The commercial learn gas best.
Work final pretty offer relate although. Executive bill tree. Spring impact writer movie sound between.'
        WHERE counter = 103;
UPDATE ingredients
        SET image = 'piQekHmX77IU/l5w4g8RFTxlelY+W/+Ps3HZDixT6PO+qOxtmMz3NvjguPhkDZ4uuWZ8kAxJzITCWhtCKOS2EsKRxqyB0Bmsquexeb8my28vIwrRsK8uqxofxX+IQ1im7B6qKQ==', image_description = 'Car mission need for shake. Husband great different able rest. East during walk catch forward. Answer lawyer another other fire professor.'
        WHERE counter = 104;
UPDATE ingredients
        SET image = 'Z0iIsiY896nTUROoVUkjdPEw3f4KUECPoOR11qnl0fD2ESC1fpoFxCHIvZRWHqk40MOjMqCke1K2QIwkj5znzp5HuRjA8N8qG2gzGGY2dAVvLvWW3A1ZDkuaQnbhrzUlOYCzAQ==', image_description = 'Large police she partner put. Government turn discover doctor chair.
List old thus possible with save her.
Ten growth woman environmental common religious today. Ready bank wonder.'
        WHERE counter = 105;
UPDATE ingredients
        SET image = '3ue+yPn453TM/3F//JBB2UGpMThDDVIvFXx0qhKVoX6R+C5eoxSqgHAh20b+DirCLrw3U2PdVIaYEiVHz7fuvyr++aWh4ISkcr7ApQCnoQMy+/FZ9sLeE2/ug4hWsMW0NlTbCw==', image_description = 'Air yard statement their. Office service yard size property. Paper however page among establish range.'
        WHERE counter = 106;
UPDATE ingredients
        SET image = 'dayuZ0hLfFsqtt1srqga3dilboNEfqVWnbSxAe5gH5pj4JDO2MJgTnpJWZc8XDqwvVIQ6toECnelB7qW6RWG2BYk2R+P0eTdZSfdRqqK0ewZIbi19h/VJEqKtoOzInfxVnCHnA==', image_description = 'Page must become. Street less how best reveal. Check behind production remember baby less unit growth.
Reason analysis suddenly four. So town million worry about town measure.'
        WHERE counter = 107;
UPDATE ingredients
        SET image = 'gAJo7ptwviV62wEJ3a/8XnDgQMg2UNywkkMTWPZhDv1QjHfeeDCL5isyal2AUeArNrCqQft/01j+CicHH0aHk9YAxbmwZcFdHHh9tpxTYlzb42RxyVFxTesm3CHB3NC2ZSAXbQ==', image_description = 'Certainly the pick which respond.
Bad land address ball house make in. Remember newspaper five because memory money professor risk. Civil available hundred represent world.'
        WHERE counter = 108;
UPDATE ingredients
        SET image = 'STS91IFDD1LTmZagfq8pNxbIOIhEwJEm3BU3ghpQCzrHXEm8o0Cl5nIhCBtBTuPL4igqJ8WCWSR33cc1U/fag59RJPpZCOx2jYEw90RNE2yn1hizv+4rwRLzUquq6QcrJM+o8A==', image_description = 'Budget manager stop. Serious determine wrong company they.
Imagine scene really ready above notice. Staff onto magazine pattern several.'
        WHERE counter = 109;
UPDATE ingredients
        SET image = 'l3Ej9zUfqZJ25vhXi64w6fTw9QBFx3rWxBKtvuOLIoHDZ689hGgwhd/UNVd2/hwb6lprdNgrX3yqc7UC5OSmfrGgaUS67/rsdwSGWEaLUMav/hqNKnWJwuTfCW4Zlb+chhKbeg==', image_description = 'Fill despite certain executive research it. Well above tough field evidence live rule.
Deep money away. List story plant space whatever network star. Create anything next say population want him.'
        WHERE counter = 110;
UPDATE ingredients
        SET image = 'IJrtom4HDC+RkG9qcXbjjbBng/j2C7EOxqla+kV8BRbKs83F983Kw/qP/ot2a+sSvRY5j4WK7gA8uJG++SuUlFTW70F/IDkPqSpSk+NG8pkHKGrfmJgV+TmrDEz8+96zXrss5A==', image_description = 'Traditional blood significant yourself yeah process art. Item compare spring treatment impact media. Lead information model garden.'
        WHERE counter = 111;
UPDATE ingredients
        SET image = 'XJoVigISH1RLYogNkCE2YmIZ8/FH/O6ug1oaM0RJJF5qlR/1CfhdREdOKYNNjCjvkwjVr6Ehc1Y4vWC/mYnh3nWtG4GW8jlOdyha4WiC0MgpS7eMXzD5/mgoBewm5TVaYn1eSA==', image_description = 'Right PM share animal will. Several play later seven son gun member.
Friend the strong live. Something always matter skill station week stop. In stuff shake meeting wall.'
        WHERE counter = 112;
UPDATE ingredients
        SET image = 'CXu0qLBzE/ceYv63mJA6xZQEJSqiHVOiG3XvK7F+lnp5Gl0ZbpYXacHsjKQMkrOgj1kT9vAUpZZaIqlxkWsFTfqE3TTJweu6pQ6fRSVTC8A6Q/8rHURZEwtiOlcPuAF9vgHT8g==', image_description = 'Try economy may side choice think success. Might but total. Music attack minute image will short figure difference.'
        WHERE counter = 113;
UPDATE ingredients
        SET image = '2R94Zda7YdIq9uVH1YhPrjIivJWYyautcgS/I2CcNfjGgO5o4DUKM0xJcP0PoggkovjCEvOLS6W+gvViOCTNER6g6GU+lipGE3Sx7pyTxb943ROvDWkHr2HwUMLm0OoITESKfw==', image_description = 'Woman democratic relate matter student. Entire buy likely quality book when measure pay. Any actually series great news may seat.'
        WHERE counter = 114;
UPDATE ingredients
        SET image = 'NaQHqjHCUVxjZnSuhXKSnnErClta1aUu7t8jDJ1YIDfHjb3SzQPiTvU3yQ+QfvMEcXv8Rc2sNXfv5GGp+YZWDMEkhsAXFk4rRHqyffJoGnBzlISnp8g04ckv8oMQcZH3F5ZyAg==', image_description = 'Player measure often religious far couple. Technology sing establish eat.
Just probably glass certainly morning. Carry case career person back which thing. Tax suffer you there tree poor play.'
        WHERE counter = 115;
UPDATE ingredients
        SET image = 'J5+1Q73uww4/3HqqBSe3cWzeaeWIci3IXjXrT89ML4qUf/ipcyNX3g+GYqI4PFpw/yIQ9xBKHf4Tue2eXD0znvwHIGqD9QB3RVnFNzr32E8513pWC5mtm9mCnOJ4eOMna2d8/A==', image_description = 'Case truth go economy ahead hope service. Whom bit speak quickly thank star property.'
        WHERE counter = 116;
UPDATE ingredients
        SET image = 'lVfTxuHPo25HOBBQQZH0tnow3eb/oxHpAOrvZUPV13AuXtvFUDvZkT0KE6ONZEFOB6ENyLW76zYZKZqCD5jJsXkBEfJ1VtGU2nJHnQVJD79iXwUNL20nktpRto3lHI0Vl0lbYQ==', image_description = 'Stage fast school. Up question news information. Ball us indeed reach.
Including almost answer decade. Focus north possible heart degree above usually.'
        WHERE counter = 117;
UPDATE ingredients
        SET image = 'gCKMOBtDA3O39N4sP540w0PKTeAaFbzivNC5wcXoqvvlSiCcdoH/BOty9sxN1BzbzapP0TZk3dhMiwR/B1jcJSiy/R4NEKaabjRc88YoP+Bs5mRj1mQko82wLCOkY4vKv9iPiw==', image_description = 'Song under international new.
Spend enter strategy almost. Key build federal establish produce.'
        WHERE counter = 118;
UPDATE ingredients
        SET image = 'a6ggXEhSL8k6EB079Qz5ZFCRsMPhKKYLMz6qqdUnZRuVXMbs6Q35CxlGTOyira0PAwldBQKSEOqeizWRZQVeu8pI/SfNFvrmbOK8t89gDit9r7YbMR/PXysBHLweiJm1GNu8bg==', image_description = 'Quickly service hope white. Suffer point look. Create dream figure attention lead keep expect.
Idea she certainly capital country serious condition. Protect accept us card eye.'
        WHERE counter = 119;
UPDATE ingredients
        SET image = 'AzbtLmgf9D/+Dg/rK+cL/EQdrLoF087iwTydkTJKpFxiKE4mn5h8GKNJ+sODP/mY1Ay8qES9wJwjm9xsxZ5v4eo5T4jopJSY8QopM2EJbd9okHtGnqXY2l/idx1StbRGwGUyjA==', image_description = 'Allow like police no last drive. Whether century other order own center piece. Condition either term business. Office four Mr minute.'
        WHERE counter = 120;
UPDATE ingredients
        SET image = 'iyX3kLWltFpNCseXHJleCXHi4CUfQ5OqL5brQgyghmF568qwZD2tF9P95sPpWTmNpPRI5E+LBm6qrvVTCstgy4nneXoJwXCaQGXcCMNwGZXh+JcFX0LrWx8fnXX5ZCSMBYhyqw==', image_description = 'Various north television hot. Interesting scientist maybe because natural friend. Improve off lawyer see common.
Operation might table fish represent. Stuff program he miss remember threat a.'
        WHERE counter = 121;
UPDATE ingredients
        SET image = 'lfPm73d5tE7D8UQXLX7LtaLhEaHGXKpva9yG5RsekvrSdyrOOhym/aWPdoP0vIZH58lVI6yhsw6Ny6FhghuXcMB2xIU+5iPPWwho4U5HL3aHT1FQxMr5RBV0ID8NYbYUC7fMSA==', image_description = 'Senior purpose wind.
Through maintain top human future. Society evidence send draw.
Free meeting history box agency. Adult skin instead road. Move guess identify agent.'
        WHERE counter = 122;
UPDATE ingredients
        SET image = 'blaG6Y3xMarEoDIsurVdYC4SHfcKOSSjoZ82CUQjcyCKlq9up/h3uTIGQAWtoZ/KhyaK+3JVmXxcp0JabtEv+c3/lfSbLz/qRouFOK0eqzB8vDPWj/yrZ9O5DmvvhCiB1595Ug==', image_description = 'School among performance good crime perhaps already level. Growth compare lot almost color budget. Hundred determine foot professor.'
        WHERE counter = 123;
UPDATE ingredients
        SET image = 'nz18+jIAxfRH3/XkooLl47lGABc93MmqLf/KTtbstt01kWyNoIDZ+Hyaj13cwmVZryTldRiAR/osyFITNKrnQvviCjbTmZPxGmSDcFokyDDydvKJyrZK5LUcC5l2/vy4iNy+Eg==', image_description = 'Audience nature movement. Majority case hospital attorney level quality. Hand reach out movement national end office.'
        WHERE counter = 124;
UPDATE ingredients
        SET image = 'QXL3mWe1XFPbtIpTY7GOlyJCXOf+TCYce5mFpfM3pAzlXUiVf2oVdVRcUL/nZcYgY7ZqCsPjUiQq1Mq17/dd//8o4pODZ7W7PRqYKqw/33N+myrrBO7Jp0Twen49DcgP8K+dFg==', image_description = 'Mr set radio leader. Then reality every color build start research. History better positive age yeah each.
Degree hold become resource. Clearly food model.'
        WHERE counter = 125;
UPDATE ingredients
        SET image = '4mcwbSHQg2lKR10wPUevaHvT0jYG3RzXXbfTCACWCN7znHbqbpm5yKh9WCSqyObsmUPR0uvUV+7/GKbgln6VNJ05o4gi7SUbt3rqMKr0Uu5M8U0VumAyw/WYLSjipM91P/nyng==', image_description = 'Lot hotel memory. School here political place yes.
Board seem social into but fast. Sure policy nor building hair couple study. Democratic ball us phone century teacher.'
        WHERE counter = 126;
UPDATE ingredients
        SET image = 'z65UlPqV1+w+/hpcBcyvNN1N20uN43QIKNmmaElUvTqaw8xL46xZkuGyHOT5AuyL25cGXF2EkJLK4THDMeaJQ4nV106HQxvKCQkwtC4wT8S0NLNfsraBdDjYKXiuhCvRyqsg3Q==', image_description = 'Maintain none attention both attack artist spend. Might old action family.'
        WHERE counter = 127;
UPDATE ingredients
        SET image = 'zAeACFKnI68FJhQTTYzbCKTlGQXXHOnXRhyIFIV2NYcFHFvgOwQbXBgMBeLTDsGNJQOwyf1j3FgTe9PI+gOW3RfB6kYotdkffwCCYXDb3jksOjj4oY+usEB91ZWsAusAO8QgIQ==', image_description = 'Visit always inside career whole dinner throw. Article still plant edge challenge pattern fine. Trouble course wide society continue.'
        WHERE counter = 128;
UPDATE ingredients
        SET image = 'Bo1cE+qC1fDAAch8Cdunq6OKw9fx6YHAz4FNTFCT6A6eebG/Ojm5Cnvac8LfRMTWFaiQk8aCysot7z4nRrExEp4IAugwLTFRWRYMslYp+NlDaY24qUOhNh4vEmg+vcqvFDC5cw==', image_description = 'Store raise third where cup treatment address. Maybe mind good under professor north general. Professor poor media travel traditional parent score.'
        WHERE counter = 129;
UPDATE ingredients
        SET image = 'aoUQGjJLjsvGDJztF9z379DUgvjYgZiyZLv/qXLMJ4cvmfiN3CLeggyAeh1sIvuSzCMHJZqJ2LFP8khHZG4OXIg4dwX1g8Ff8FFerHIVja7GJ0ZaGALvYKxGiZonDqB1IRoBdQ==', image_description = 'Attention reduce purpose house. Seat many strong hospital Mrs.
Room pay after cut chair road build. Increase hand analysis such. Out book stuff use.'
        WHERE counter = 130;
UPDATE ingredients
        SET image = 'Z+f5/TN5+2iFLfShfISIe+2KTxFw5XNO8n5LBTSzXEAv+NRDrBkyj4nPolOUNuL+KEieDziDr/mv6K8C+mTCfXQ9bFRt/Uob5CVzxiHjwTMfu0XZtZIfuT+z82bIdNIrhGIYcQ==', image_description = 'Local relationship other fill how member room than. Foreign public include campaign world either. Break through glass already growth simply position.'
        WHERE counter = 131;
UPDATE ingredients
        SET image = '4wMgNQyr1euMIkxAOmZr7uL3BSraYmCOTdXxvdqaV4uq+8ZLOwuE9kim2152kToi9RDqqZHSyF+qp+wpJbB7Y3q70ZzFjTLvjV0ZnXf2NeSUH3dGzgrMj2qOgbU93/xLzBglMQ==', image_description = 'Way relationship century account case sport. Should bank agency clearly send.
Partner field list dinner single.
Way positive personal position. Card left though. Week mother challenge less.'
        WHERE counter = 132;
UPDATE ingredients
        SET image = 'l0bz7Mhf9O9Qz7Awb4oErMRu9goRhztoeZSodfeE3aKbYNX+XCZkGxnISQp2E8wShEB0oIf6MJvZ12vsA7rw8NMuhuxv8acp2Izm+CxOOfKI4zDm1nr9JLYfdeu0oi1T8GzITQ==', image_description = 'Use operation home thing. Foot air church. Often believe production family experience. Agreement hundred thank lose report stuff leader wife.'
        WHERE counter = 133;
UPDATE ingredients
        SET image = 'IyrNasFhenQE54LXiva7vkpsFbosh6CxVIKHpHL2yuDFJZypVo4AB5Njf9Jv9DMsHQNUwIThaISFu62iHUGIhFFByepb8wkogUCWGfufbJQ//Ygjv1crrqIQde1u5USd0O3zUg==', image_description = 'Stuff education today Democrat. Art every character base letter difference. Rest say officer director.
Indicate lawyer set scene forget view however.'
        WHERE counter = 134;
UPDATE ingredients
        SET image = '4lxTMb/EVf3aA5AuoMOIZ34piYdMELiAeHnImrb8nKELrmh4NAw1PQup6GSy4xUqoJkztxqall8DixReI34Pev5JECRz/CtX34FtVwxDcKTTT7HuXSBXZ4lMhpxYHfmVUiKKPg==', image_description = 'Executive Mr it surface government. Gun keep wonder hold college paper away. Front imagine clearly factor president shoulder go.'
        WHERE counter = 135;
UPDATE ingredients
        SET image = 'qR3LSaIe/cgVFXW9XoTu5xTAQfJ6z8HL0+A0F53QdYDMr719JIwcOyyzwRaYfc+Pql4hn1wpT33caxeJQLeBPZoLE6g+9EKUMTkIHORPtE8TFBNfXXn0DZrhJztaqkZD+gI4VQ==', image_description = 'Seat focus international finish early visit even. Different west home evening source book because.
Season seek wall most debate grow mission here. Building move scientist east course long.'
        WHERE counter = 136;
UPDATE ingredients
        SET image = 'H2P9exP16dlL8j2QkyQLmR60dncpjHIv0O2C3wqweK3yjvS00867RiUib8KHxiL8uawldCFQP3KDtIkPyQAgJgUQNjKh0hkCbWk5GNXpohC7vObV2I95E/y56p5qwp1EPMtQxw==', image_description = 'Policy treatment break he identify walk. Set thousand need management see charge certain. Great measure listen and million.'
        WHERE counter = 137;
UPDATE ingredients
        SET image = '/aU5bP9xapt+GN5dTWxIkjvpX1QHGZPpDF9XTJLcYXN4KqrvHbg3J65wIPIHWFDOWIobQ7jFvo35IpdhWFU63MHUFNRpvjb7ai8YDZTia+GbSWPek2AIInUmgn9+3ekzLUFZQA==', image_description = 'Executive quickly everything. Face along American least. Political it series data start generation. Still law consider.
Natural fast he build throughout. Billion war rich sure add sister tax.'
        WHERE counter = 138;
UPDATE ingredients
        SET image = 'yqSg+rCiKhe5JgVl2amwraGB+GRBG36hD07H2xvYo8ObxL9sqhgGmNQ4BwOuICg06mOwN7AwkIJH6Mjm1IQ9l3vA4DlBtyHR9gGuJvqKLRH6mScgnOMXZlQRAQ0NsGPEiPkJzQ==', image_description = 'Reduce material base father indeed. Than seek second. Structure within sell old.
Military option next citizen more food. Image return summer green trade citizen.'
        WHERE counter = 139;
UPDATE ingredients
        SET image = 'UB8l1Zi2+OKCtAwQuZ6xKmFe2hSQSgti71FDYg1B+k265HyA6/hTC6+1TyHVtBnGbtxlOlCVIGVxjvaDIz7DnlAjCSQ+MhoV83XcHkgqfDjUcCZLDnrls//dEM3C6/scgsfXsA==', image_description = 'Father know their miss. Item hand trial image democratic close offer. Medical range security himself loss point throw.'
        WHERE counter = 140;
UPDATE ingredients
        SET image = 'zptLNZ3ypRqBYcUwAOJLo8eh6r9Ir5AH+2pbmiskg/TQOIGkKFfQdAMX4puwPbSLgBvZ14VhO9ZusEkdo8toNlrXTfhwA0bAwg0kQIlaPtU6nuR4GV2ku8ri+HbP2U6OZL6/ow==', image_description = 'Stay worker perhaps yes remain either. Character mission save theory record level. Key probably practice ready magazine.
Leave mind rock mean accept top. Single two stay few.'
        WHERE counter = 141;
UPDATE ingredients
        SET image = 'hddVkIAXLJZhPXi3ZLNG5nIFHpdy64C14NFj/oSs4yiNWj+ZiAXuQwCTqFrqomORHAwT6SavS0Fm2BPMS/N/lliZxKHGtCaOVltY2bxKh/XFZV/v3Pu5E9y5h1B22OfES/zpgw==', image_description = 'Really employee building second. Piece sure smile loss.
Area development expert how sea game. Pay among they lot health when say.'
        WHERE counter = 142;
UPDATE ingredients
        SET image = 'lCcrHplXU8WInKLI/UCldxMzP3+t2bqZ0vkxD+icIhdd72zmlBE6XxXRtaLc7ClcAjzyOPhkQVmi81ixtWSiwSKM/oQRipvvwc33YI8UtMqmf5gYIZHwb/cf6AcO8P+S8QpDSg==', image_description = 'Word lead owner discussion. Really cover skill.
Peace room sure it system allow character. Significant choose make worker. Practice name however back stop join you story.'
        WHERE counter = 143;
UPDATE ingredients
        SET image = 'e7wVIY+tFf4G8DTh3fy/ue8mSVJDo+q9gUxy4UxuhX6XMqBmuN6MQASE8zp/YnUUN5pDSf8fDVjHq6nBe06jSPkk48bcdRxJJDjSIe516jgEGx+I6qmgE3RrsnkXf8Mve8mHEg==', image_description = 'Hit important southern wait for remain middle. Ten girl well room. Player position thought already give.
Gun any child these face. Art wall maintain wish Republican reveal tax usually.'
        WHERE counter = 144;
UPDATE ingredients
        SET image = '7/uZR3wo9fxsFyPsL1bdRiXkiLkOMx2QYAfHLK8TOpcyRkUoN/GfBYybSpSwAZIlHNOBWBTJjmbFGyoA+FwQ92kKjcTahQ8eawEd5IVuZeGcZ62Ggw7XHgCC3HgmVrNcqHOrNQ==', image_description = 'Quickly thought heart present stage state across. Speech black show serious include dream always.'
        WHERE counter = 145;
UPDATE ingredients
        SET image = 'Y9nuBhF9HjyUnoa7fUefx1dxIiQspz+0puWyU9en6vJgpZdcthqSgTZ4pJHSb3SFMwTObtcBGOkAMIyH3GnFNRmauoDBgsSfu9H/ccZCn+Jmv9FQ9iPUzmAQ6RE5Wkur/CXXcQ==', image_description = 'Both later board other major. Bank beautiful source present somebody. Hundred describe local public mouth eight. Your on pressure now participant military lead.'
        WHERE counter = 146;
UPDATE ingredients
        SET image = 'X2oNoetxy/fR8+Yc/OhUAFpvywLECXNNhcpKOKsB+r5frx0nLnPEx6UMcR425t8XyJuAJKIGkfd3UqPOTh6n55PUoXjc9AD7SDQ2fn77bbTnbf2rB1DV4++YQG33Tzm5oz5/SA==', image_description = 'Again box sound wonder. Month pull wait interesting local message simply.'
        WHERE counter = 147;
UPDATE ingredients
        SET image = 'S8FHL+3KxdPAvD4x16D04C37/qvVVLfjddWDVROkxEaaJIMsnuyjCLyxe/pAEr+wPhSSdwYp83jXB12JBlBmaINjWxokrez9Mh7Q9vjRNeS+BrveOAMyZqpPTFsrt+uuSnHGKw==', image_description = 'Provide rate over practice move country. Agent off sea threat.
Bag quality recently fear. Research third include anything sister mean.'
        WHERE counter = 148;
UPDATE ingredients
        SET image = '6bb/ms4y5zRJwBfapHKxAXxEO1TJ5sWcq/0tVRYAv5yDXhpn/225S6KJlSt4Wwp2DphE277L0+/5JMxnxDs3yI+ldmFnHGcmhNT6uZiIDNHbSrpJb3b0nMFb3dpdfq3SnAc2hw==', image_description = 'Billion about discover eight rather certain. Data then still car.
Head sign probably company think for. High consumer central. Certainly into leg.'
        WHERE counter = 149;
UPDATE ingredients
        SET image = '7D1PeFhMrmDsdOhlBh23zp1vcmk7LJCsPGmZCItLaDBO0NvXU9o0s/WseJNyXmOMdQUN76sInboQDIbVxafwIxKFtr/g1UIg+MF6j1coTiiEc4NHYxYuioR5bmOyk3UcvLfepA==', image_description = 'Instead claim treat candidate peace late. Wide politics argue member similar career. Fire professional head.
Tell politics office. To into memory half. Opportunity old star which watch other.'
        WHERE counter = 150;
UPDATE ingredients
        SET image = 'SxN5DrQUY7ow1VX0QDtg60xkXjlFRoOnw5BTzhYhX0l5M0LWxTakb0//ZSBpPxgTo6r4FhdgX/TMJVA6JsyrWesEPBuLbpFCfMMEV/FWC4zP+sO4RvxW1Qk0/PnvuvhDdqVmBA==', image_description = 'Some if mind pull gun without. Ground source participant always up center.
Stay only water hotel water line. Must day main. Story discussion whom plan cause in.'
        WHERE counter = 151;
UPDATE ingredients
        SET image = 'rqg2JOEv7J20PPa7PijQNX83QxYfuidNVwL0w9sFSKCu95duuiarrZOJBTHXtsvJ9UqQMoDKmgf72bIkQ8r5d84aB4RsOFn9e9wGFQmdMHIRzf2m3x7O/OJqoKBIhDvgZLMAsg==', image_description = 'Loss concern huge seek book far.
Surface yes herself wait reach figure tree. Worry add radio we girl arrive. Us box ahead unit write.'
        WHERE counter = 152;
UPDATE ingredients
        SET image = 'v38ouOLraXQaHSjCvg3tIPHrajD71lN68iA0xLjWSphetXJvrayI0e1DTWm6IzGrJb+EcWDblqrvH7/E8/GTuWprSkoXiSkIp8e1Und8g/YYSo79QfXKLKAsXwpsgJVs0bX8vA==', image_description = 'Training name take away much society check strategy. School take note recently prepare.
Democratic meet career provide management. Light condition pass better.'
        WHERE counter = 153;
UPDATE ingredients
        SET image = '+oTYNB614eLfooy7yBE16DhqclkU1WfXksaW0MsZqH3pWwoxfLMoIomEBhkKyu3Ak9ik5C3BL0ijMeX6o5ngfoI6D2Kd4Xso5TKgnvUvdq3wFIbnNw+f+axoRYLuxxUj1wnzWw==', image_description = 'Despite free entire base course head report case. Middle page would store learn social vote.'
        WHERE counter = 154;
UPDATE ingredients
        SET image = '/eaKb0gTGt3u7Kve8Q1TkbLdV5AIoKppFyFDLRLt93r+afaqj2XktQerQGXXXxRNhhKQg77ktqubV3E7cFvhoDQjXbyBqaFh7DiboflwthNo2YqUOtFY6xvm6rcl1CNEKWNDxg==', image_description = 'Time house environment north whether left commercial recognize. Hundred capital trouble agreement specific actually. Never in research draw him share effect final.'
        WHERE counter = 155;
UPDATE ingredients
        SET image = 'bDLJi4KQWdzb6LRZJVJ97BtofWMSY7eqDi1cxNA7YtMk51Cm4GETCb6bn1kLlVYx/hDJnwaUuD3j1+R2gChgTeMHkVQJgJ2WER1fsGf4tjTnYnrxvt42zRVz0t/Qf2pgXphFhA==', image_description = 'Reduce discussion white sit. Allow speak decision good. Form difficult yeah.'
        WHERE counter = 156;
UPDATE ingredients
        SET image = 'O27nbR+7yav2NLKsMfNmYDVsxSPROqOURsvRCzKXmd2GSvp7UCXA+ebHl5DtxLkfrn9bjm13IgkPui4lq2QcdPT9b7h+lbqox1XqwTyZWsd3nD8wgPMojMoiS9xXJIhqG7uuyg==', image_description = 'Break crime tend the. Police catch interest seem class indeed continue. Fly always include economy subject crime.
Any song perhaps light. Yourself skill subject seat pull.'
        WHERE counter = 157;
UPDATE ingredients
        SET image = 'J5Z95VKk6+O+ybN2DdwjV2ENcz395IUvXLZN+pOA/NlQNv5j267IinsItoJFpyHnU5dgYpcaTlGvFDpvllUCqZoAAQFK/ZSL3rM6JGae9iZxNGFmZPtO6m9xp4VedfHDTFacpg==', image_description = 'Race turn list environmental create that could. Land news dream car significant outside manager.
Then senior happy senior begin. Risk method third very defense.'
        WHERE counter = 158;
UPDATE ingredients
        SET image = '40bdHMq/ndJqy2q3AtT81k+ztWKCZWQaMEFOlay/GZgv83QlKC2q8i8pOu3YPQHWHIASH6Tvu19gnZso5vqaRCV0qLonZEuMycBPKF3akQrPrkVjtn45mKB7X/eiXiIv/1s+lw==', image_description = 'Born and type determine street natural. Main health modern recent. Choice determine these step.
Herself issue court large white maybe. Shake go civil police.'
        WHERE counter = 159;
UPDATE ingredients
        SET image = 'czIIKewMWlpHbTk/enRf50fgxF2B2fjFY4rJVRu+P2Jhfw1KROd2sVaEYsrMF3QIPWtUtvSeA8uWKfObpJDuODIlRTdJXBPrcTmhAtMeDL0uEdJm2te99J0MxpzlA3DrjilAFA==', image_description = 'Travel important remember kind. Low imagine certain stop almost truth picture. Marriage give window push.'
        WHERE counter = 160;
UPDATE ingredients
        SET image = 'nHWMyjI7jfvdX+LTJHU8Pf4qJyhurjSAHVMbczpbS1CPi9LJV7625pvsEyqUZmH7q0g30k0JMsFpsNZpOh7v7vFW9n1s2xeMT607S/iDWuRbakiCotMrQHsbtrUDQfRfzipf7w==', image_description = 'Road then many senior bed.
Month catch yard main. Sea project character fall.
Wear wrong try could. Suddenly center someone rather network. Low create stop budget method.'
        WHERE counter = 161;
UPDATE ingredients
        SET image = '+x4UT+Wx3axvzMrla7MfGDZNOS6+N41S9CE9by/BidUaKE2a5hyD+Q4gil+tAD8GbIgzir3Nvv66NeSLqT7iKz8KqliiHY49WvWGQRMu34AMU4/iWDb+Xx/IcEOuZrPGNiu4oQ==', image_description = 'Left significant catch us protect study. Nothing build election left reach list interview.'
        WHERE counter = 162;
UPDATE ingredients
        SET image = 'tSIwY0rrWEMzojK5oxy5rTotjpoZhZsgqA4calMLT9WQOD9kp5bBmUAcjkNGiC36/vRqCRCySik7ukMUbLlvNMSn6Grbsoe7t233l6sw0zXEf5zR++j8VT6p0zCAgXPdCnZVPA==', image_description = 'List book best despite tax conference. Should writer or least. Skin run operation food course design mother.'
        WHERE counter = 163;
UPDATE ingredients
        SET image = 'iNnagcaNGnHkWPvh9oK2vD3e9B8uAGV1epsORn5Ztpo/nwBY8luqlccMDVS+tRgIqF64ixQZUrJQUXUfdbkaEyX/wIHVxyoHL4ppvNa8MykoE7tdH6gRrSdM1TvSop0PAIq1dA==', image_description = 'Because close sing affect. Role station head brother coach compare. Sit reveal student.'
        WHERE counter = 164;
UPDATE ingredients
        SET image = 'wObiLJvZF+8sQpuwEoO/cLtffk+srfBTOnBxgeVt0UrCJbbyGZzSznlyyTOEf4OiU0diiuyEpqRcFuYKnTnSfhwxLEePWMSlLaZchj1LH1n6+updjaVi+UGWS3c92Q2SuVCqdw==', image_description = 'Front amount senior employee opportunity. Pattern art economy population per nothing. Take attention someone name.
Value letter statement. Try wrong under finally now one better.'
        WHERE counter = 165;
UPDATE ingredients
        SET image = '2mnd6OxECkeacvIoXkVSje4qDADyun59xgEmO7wW7S5uI+r94vZXN2jcELokAAhvYf0IKSCOiIMT9x24bpyhlxPKrmm4l9pth9mwIPeWIrriJdM0djSenY9988tmcXUXAQR6og==', image_description = 'View full subject line eight. Science beyond tend common.
Piece offer group government road since discover I. Five though we save feeling writer letter.'
        WHERE counter = 166;
UPDATE ingredients
        SET image = 'zLbMJntv7wrL8NpYDykLZHXgTQY7NNAl60SlhDr1f+gEUxOzkpK8B2dlSkFeNuBrAAD2dCL4Bp2ebuwCMT0gKphlwnDceEmhVCn7uBo9b4u7mo7oaAT/bPh4WVVYvMZ5p5ycig==', image_description = 'Opportunity herself book team. Player wife develop kind than will big. Benefit think hundred prepare alone what.
Pm represent best coach. Toward animal toward we police blood.'
        WHERE counter = 167;
UPDATE ingredients
        SET image = '8HdqnTrcvBwSYtTWgdrUshFoqdcvgjP+rn41DnFFUFaPcuLVk3MhuVxLj5bfPDcfeyqcgSdH/uabwc9yO6e+LCSfRePgd1cBe2LVwlD4PrSgLP2MxoUwN9b7xxPyjQty3nBuYQ==', image_description = 'Unit five investment that also herself.
Along these plant glass list industry ten key. Office number guess also beautiful form health.
Trip smile weight seem mouth.'
        WHERE counter = 168;
UPDATE ingredients
        SET image = 'PyqTajGrrg2lp8VvfC3gC34ehO+51sFxKUYnfidDqbwbNOfOqb8qsDeD+CwDxEo2WOtaRiSCnJbJfsCJGquIKG4JbHBnDBxtD0LoIS3DCeti13eBh6SLEMTlI+INA72ppSEA9w==', image_description = 'Society understand boy budget husband agency. Trade group soldier cost. Energy everything those value possible generation choose. Woman cover true mouth.'
        WHERE counter = 169;
UPDATE ingredients
        SET image = 'uakvqumwM7izDDMFFI+13nh9zzViggJs0S2KY/Oxa5Vmpo7XQDzNVl0hO0+QC9m/6iBbp/88RN3sPBrQr0tH0KNUX2kFI4dqUf8kdUpxtPpPeA9diQIQ/bDum0ftB4vtesPmTw==', image_description = 'Reach protect next. Drug force since range head term federal writer. Teach nice Congress father.'
        WHERE counter = 170;
UPDATE ingredients
        SET image = 'fQ1e0V4cspF49sIMmj8/r7ccUwaF/H9woLTulCgfVoBfXqOSppGXxvUQooIxHUEoTa/Nh1+JMfIuDhkHIRwJtPvshGMb4RY7J+VvMLVtpGvgEVfJBDFFVHifnEyYXLC0XfyorQ==', image_description = 'One size nearly begin magazine last. Beat budget listen economic. Power explain trade court book.
Mission responsibility coach moment huge sound my. Political student best mother admit commercial.'
        WHERE counter = 171;
UPDATE ingredients
        SET image = 'Am5u5dIYtFwNDOCcnvcQiXTUt99l1LcoP2f16YxUbKoT+GIHMJLI9QMSTuCINmnVe+ksWcsgvSK7vhR5xelChHoCFUPK7xedmkqHxg8qAJql9qxQcXxnfWfFtLfRNY0IkejTRQ==', image_description = 'These forget possible someone music news glass also. We together officer line entire somebody.
Employee company himself. Which well worker focus value out site.'
        WHERE counter = 172;
UPDATE ingredients
        SET image = 'pjKlCBQq8bQPJncyezqOf2oyW+wsNvKACZSRQmc9wcxT6wa9uIxArub7ZktprKavYM7TITaUFisK04A40w/EBzsH+BTCD5ECQy0gOt8Rax2Buckk3ZuEa0/o78e1TpFyttGkaA==', image_description = 'Listen goal remember far themselves at.
Foot develop certain produce. Avoid popular walk fall stand woman apply.'
        WHERE counter = 173;
UPDATE national_cuisine
        SET image = 'H6iT67JwxFEANkNYNbJteQrqbPBxhfnwcmDUAtIgZC49y3CIlw5Ge/FzLkGw8ZvT2o39yIle1K1jklDY/OpCWIdXsPNyT/9eRD9mUUk4gr7PEknrapUhetXfUkLy3AaAhBfjIA==', image_description = 'You debate large. Plan door great guess region computer should.
Bill do item woman scientist thank. Pretty treat church cultural social.'
        WHERE counter = 1;
UPDATE national_cuisine
        SET image = 'jD8YUxDyXa6lSofu8eSj2XqqM5wQ9Xh2fpOY47LBpmWE6YwQpeybVYvx6RapuJEB6REaAdFRjwRrG6UbeuVFp9NQD5Yh4Edo+mqCVaaSG8AqXb/o+QLF3oJSK0Ya3eIlwrlbaQ==', image_description = 'Role view beat success education glass late. Manage whom skill by great onto.
Some structure focus down product maintain. He themselves above whom alone want admit. Play shoulder Republican anything.'
        WHERE counter = 2;
UPDATE national_cuisine
        SET image = 'qrtSYIaXRM/XtMDyNoWHg6eZLyt4/f5xLgSrhofr/wkBLG7dgVvYE8jEWnTDsD3f6xWIPTGYDAXVZfwkTgZGVZ1MsL4Egt2F2fNPpztERHscLbo+4tKabP2uTVA+lTYgVhE/yA==', image_description = 'Market bill however sell another. Debate center thousand person check city represent. Player produce nice wall. People usually study recently leader heavy.'
        WHERE counter = 3;
UPDATE national_cuisine
        SET image = 'TbYoBl9ktwYDQ4LwjX63EwP0ZBNR9P4De78tpH24/UE7M4bpNmNn5/dcBdhI898XzXpayW105KWSISMoRpItcAD8a5CmYLqh+GUdSPI1aBqqokT7eTHniBrPtfUrbSBgq9wUAA==', image_description = 'Recognize myself public avoid agree. Do identify imagine politics summer perform. Benefit base listen down. Television score against.'
        WHERE counter = 4;
UPDATE national_cuisine
        SET image = '98DhAjqLGGRSgK+thk5Wy3Hu1Q17cl6OYOYF+BiUosQS78kGgCIY+xs0N3vOFY0EUL8FaZKn5OYHcDTjSFJBEC96WojsTQ+dv7cSdVrsu20b7BOvSlMgV6J3YyXfF8Pc4yPvZQ==', image_description = 'Beautiful official current listen. Draw majority health see degree information. Agency growth mission local build civil.
They throughout back newspaper rather. Fight item series night fear street.'
        WHERE counter = 5;
UPDATE national_cuisine
        SET image = 'm6q7+GkFwUEyKb2D2707qOe/1CslaX+XE/VW8z19LFSsiVxlnv60/myqFpJkUFEMsqb2Gc4iwtYh1yvCueBwx/xzle6WjHm6aWhgTJ56idln1jzAxGVu/bi4pqtbpdwMNaV1rw==', image_description = 'House night cover nature phone leg would. Skin special site record building.
Writer similar whom surface then low including. Through right finish then. Beat fast American build green.'
        WHERE counter = 6;
UPDATE national_cuisine
        SET image = 'ivc8mWHRkdam5aGSsPuWNhDDI0EQLXofO5Ghf5MMX+4C/TrP1z+8ihik3V7KR4DcDJIB/UGPC9zQgt3uMvNEUGtQRtlHvM+MaiBLBZCyyIzYhcXkkfIxyoAGsKKiHQSgluD8qQ==', image_description = 'Garden hot memory dog real president project.
Analysis fly water eat. Street consider carry student.
List pass describe feeling rate think. Into well organization whether everyone job share.'
        WHERE counter = 7;
UPDATE national_cuisine
        SET image = 'HGxqzkelR7WmfDvh2j5qIqbNzOWGpRJUifZOXgMllHiP3cjlFw8btsTWKRwh/Gf4Tp7W2gb0CsEop+TCE1qz/+tX0z5FVCnHgW8uMlf1pYzb9nLo6mPaNr4Y/g9DXwXBSVQE7g==', image_description = 'Water believe future natural. Me skill morning discover environmental bit.
Discuss alone Republican when argue anyone seem. Analysis including shake would might measure challenge.'
        WHERE counter = 8;
UPDATE national_cuisine
        SET image = 'c7JM1XBAgvEM0D7fz4yjnCjOZuo9/GNWxMWCD2MkPcadMWYN7V9KRjKqsDji1RdAqN8iXBJrUtGTPFJ9jbMhZCBMod+AiwBM3MVWg4AAieUQ4aSbOCVQ1dRfUYmo3n1/BJXVCg==', image_description = 'Shake push might religious positive. While family region financial among direction.
Possible past out late. Set role dinner evening. Cup glass billion case manager husband.'
        WHERE counter = 9;
UPDATE national_cuisine
        SET image = 'lyaeiFKg+fP3uIGgcXubsXIk1kWxtKJQF6JaUxwHVfKXo55IN8b71B8sInRyllS8UNEjrwnvKT49FG/P4VDYRhN2d1IzgqD3M2ZUfJMnhpyWDoJl8r05cU0RIeOzStwHUWaGwQ==', image_description = 'Response country cold summer main because. Easy Mrs within oil.
About fear pay. Name whole write authority attack. Actually yeah animal run late thing person rich.'
        WHERE counter = 10;
UPDATE national_cuisine
        SET image = 'An0GaOJCXehVu/zDRodRdQawfJHjWcSqe1AtbAt3vjRDz5KMey4ENpErIb0q3/N738LREgnG/b7L5DnZ/Z9ZiXd/oFzB6zCoCyjadm2Dc4UpAqkVi/BjnIWsSIkVWUTDqSWZMw==', image_description = 'Food level too detail run. Out mission old kind light similar.
Later perform nice final task.'
        WHERE counter = 11;
UPDATE national_cuisine
        SET image = 'ggv7R3UzxVk9/8aqtXFDRDotEv3NDz6QmHckR/8WA180oIa1Agte53nonCSZAeNxBravwqL3XS76cq5NMPQeGYWfuw4Y1cbdn+PWfYqP345liC10Kgn/+w5qmK3XEmUDZzAoUQ==', image_description = 'Coach statement never magazine capital toward. Fight bring most ahead first and. Past apply spend whatever radio method might.
Make office day PM summer why thing. Car arrive green ten little.'
        WHERE counter = 12;
UPDATE national_cuisine
        SET image = 'svsHUkUGElXm/p8UzEmQiRIowqWhwO1cltZAHQ7qPIa7r57+/+ldW2ppL8pne7KrmG/Js2m01i3hhJGgIbGcl/DEF0l4d6swxZUNgiPU9CBFNtp4yyDby9bNBY7HBZ8PaMdbiA==', image_description = 'Enter early human or threat break executive. Such chance surface her voice.
Make herself great already area beyond. Single feel wife method tell. Staff boy suddenly exist growth should.'
        WHERE counter = 13;
UPDATE national_cuisine
        SET image = 'HxgVP950ESPomUMi4nDrduo3kDkWLqRKRf1nh7EVmH1xBIZWW5n4wuySrJd0d/sxBbUeP2mlIZco3UEYDSmMkvrHP30fjsoLGq+jaXrRCjLBwgYOtTHb1HWiQAX8kGxV9QyeXQ==', image_description = 'There theory onto mean series. Thousand listen think throw game address rise. Director official floor figure.
Small after live book attack hundred middle. Speech adult foot go near get meet.'
        WHERE counter = 14;
UPDATE national_cuisine
        SET image = 'THCUKX0vhqlno497Xz1EXMRschIUU/QvqV5icERUyHdnpxvKV0gRq0420bauK74l9n3rbTJ+SM277xfSV6lBXN0SpgwFTarpzA2NYogdUU2kGCDUrBA0RiZ6tHYTGc5o6DYbaQ==', image_description = 'Serious idea people until inside ok region will. Group until common bit during collection popular dream. The affect amount significant reach scene edge.'
        WHERE counter = 15;
UPDATE national_cuisine
        SET image = '4l4BANzQvhjsg6iYY3/npwOE+SsFHhA4mV7Zvpx3VzgA4CqIft8E9GKWTlyfFcfIjCsVGoL0vZM3jidRh3AU3PaYL+c4eIAemCrYBGLj1dPAa/z7WHBQ3tVCRajzr287i6OcJA==', image_description = 'None true Congress.
Sure down value yard sound single. World impact draw not particularly lead.'
        WHERE counter = 16;
UPDATE national_cuisine
        SET image = 'lRaNUJDYMvgNNMx4x2drf+bjtvX3IFES/rLuJGrmjo2drRVzNx5gIALpFjrEy8SRGsWENd1S6b7EDK7enreDxnRj+7ZjwZNiaK1yCQ0zvNgQUXse5zRuOUBfb6amLfoWHaDmFw==', image_description = 'Member beautiful set individual hour relationship. Teacher nearly whose speak create and.'
        WHERE counter = 17;
UPDATE national_cuisine
        SET image = 'qyM8HkWAEsBAYhfVqGsdOB6cOTEH2/q7CMkbRG5p+NZQvScXNjIRw6TRV7Flv+W6eQsLlI6wMMqBw4KRT+CFO6NFghVuhkK4aeZzTJxXbNY3vEK4YUNQGJKQvzKfDpAs27JPng==', image_description = 'Change explain rather some source news. Become yeah study relate as when. Dog family coach stage lay father.
The reduce to under. Able product site apply to.
Space woman teacher also.'
        WHERE counter = 18;
UPDATE national_cuisine
        SET image = '04SyxkelPNNlSNgf3xBEZLInCB2Zls744aVjsN3piXPdAj6MIJDpBlGO60geE/Lm45LvCHawJgZ/plbgnaSXnFQzOI7PV4PSMv2vKtcNM1ODSJ9jLGl+TQ7WXewUrTKEPenWjg==', image_description = 'Society office manage lose write. Just apply might.
Tell type voice then job often start. Outside like education lot follow. Seven live lead business science traditional professional.'
        WHERE counter = 19;
UPDATE national_cuisine
        SET image = 'l4ID5qIq+3nqmPPvjRnKJrqAoudohl6tVGZu3NC8xGeNlcXyOFMoHKi5Ph2Zm/z1tl1NEysrpMkoKsT4Ux8BJtIDXwCspZ4cb+40UaVEtUrcAHtRozcCJQ5wklXuxY9c5ivWew==', image_description = 'Interest early PM seem. Voice moment involve example professor.
When bank history with range fund plant. Include team forget do. Other authority national.'
        WHERE counter = 20;
UPDATE food_groups
        SET image = 'G8JZjXENGhm/4cMC7ecrO2d2yVsHWEq3K6SCL5F/kws2jNqGsL9CM5fWsfsLfUzeaBhVRXSOP7I6d0JWZehvUSRWabPahcBBPA/Ilps8/Y4DsVIyRtNSr6M7zRglbEez9Z+V4Q==', image_description = 'While role study idea once. Certainly star person what. Year hundred cut human ever.
Reach kind others. Significant specific teach they benefit decide development safe.'
        WHERE counter = 1;
UPDATE food_groups
        SET image = 'air2GDCPDlO//JNPzq9VQ2HuLdr0hQIDKiV8AJslDs9FlJCuEcu6Nu4e+vM3Don7OxF8/0JEk+rTI8joet5AjI5+XhRy5RpxjFcvn8kl79eNImxjqRIQzDryvZxXhIc/8jIPIA==', image_description = 'Fly particularly their cup strategy else.
Say focus real security anything necessary simple.
Computer international support lose. She figure service even. Figure morning resource boy two.'
        WHERE counter = 2;
UPDATE food_groups
        SET image = 'QJ3AXvKo2W5Lz7mvgUrelZtUdrhCkmLyAkJLEnmMzoveKoRU8zBXX3jwDwQOv3zyBhH6Pswye7QCUqUXSPFU9MfKzppM/eUaUIxQdTcVzLUY22PgMw54yT4FyX+WNtR8Mc75iQ==', image_description = 'Production him deal ever. Office house after church late across memory.
Director her employee put.'
        WHERE counter = 3;
UPDATE food_groups
        SET image = 'cysaQFVOqKaCo+BcMZdTHTgZmHx2ngLiLM3QLsblLllrz2ymK+DzX9ZGADe7iBIY8JsvPHz3Hy4jsxe/ZuQxN4hQq+P4lgOp9/6wn8zgNewMCrKRJfsthtFaopxRpjVkmB8bGg==', image_description = 'Window attorney minute participant pick beyond stock. Maintain listen somebody here probably bill science.'
        WHERE counter = 4;
UPDATE food_groups
        SET image = 'vkYLrxnK2AFFDfdp24+ggPE4KEIbhyrnAP4TkbDHkyQM0bBT94o3iN1zlhXLu5xX74+GCN1l57zsr+nKpwee/u2qHbaRyLty9exFnI9lcsD2ilzOKZ50zwoWgoo+iz+FZPrfJA==', image_description = 'Teacher change easy whatever almost picture floor. Learn four develop just character instead happy. Store society share sister main whatever year.'
        WHERE counter = 5;
UPDATE food_groups
        SET image = 'FQbSf0ECLhHZ1sNx1C0MUZjxE8ZXOWPj1HB9ZtoNTn1d8a8QvIBkLtSZ+euGnQCjh6uwb85JbePfjIjCrrMPHaroRvKZeAU56+02hNfbtACCNJElQQMX8ems6RHvYJo9BW6SYw==', image_description = 'Civil debate manage with hold. Entire college trial condition size far hundred.
Difficult computer result right anyone student. Far region crime degree turn though become.'
        WHERE counter = 6;
UPDATE food_groups
        SET image = 'cxw8T2RGaJVr1AmCaCKR0R4mjYi1TIHJLGHu6FlC+bCQZ7eOkX6ipUc5OUzOBa+Od/IojQjZfqaS+RJC6XOPbL4Frb6uKs3YdFIikSI93VbSEIxhlPDgsE2vg6SVvIF+jsVtNg==', image_description = 'Organization laugh bank development. Energy cost mother between send success.
Exist hour deep prove nothing parent certainly particularly. His maintain station past.'
        WHERE counter = 7;
UPDATE food_groups
        SET image = 'e293VhlP0MpDJ7x/PWfAdVFJ8eYdjU3CzkpKhaphAJTWL0D/SGfBquX0vf7GDowy9jKWKW2XTI0Q+D097acNsVNqusmYIbYVtXxc/hfQj0uXS5gL2gRnJDT1FI4GK6Ki+2dqWw==', image_description = 'Effect next claim task over challenge answer.
Office want mean raise. Care race here day record run and occur.'
        WHERE counter = 8;
UPDATE food_groups
        SET image = '74qm9J/z+PrpLU0hSrT55hAW62T1xZIDlmFQp3/1MBF/8MqL0iF40VEcVUMo23qgxafl2MJ38+KMtJd8gZ0tcse0BfR4xt6T71LhLZeCvwv41/wXI95w1hZpQ4idvDIB6cmvxQ==', image_description = 'Measure seven always entire lawyer individual. When country send center discover blue center.
Present as thus full recent save. Plan short card. Meet remember myself pretty read stock lawyer.'
        WHERE counter = 9;
UPDATE food_groups
        SET image = '/zJfUUPi8ERNNqzIzP7ENu3W5AXjFRTK4VlTnLI/fIwkHwdaH4XxvPISKBKFRS89zIF4yGquuZZW5zrgHlf6of+xKck5gs7q1g7eEYZm3tz7CWXOSGh4M0E5p6hpgGQQBwSzXw==', image_description = 'Sister great without yard rather.
Sea cost above table firm. Investment next effort professor listen public past.
Organization century reach six system. Stock fish these city run minute everybody.'
        WHERE counter = 10;
UPDATE food_groups
        SET image = 'E38wj4jxuEl6t+dZxycrLfUbET9JEL5qsz5vuw1hXdScsEPICa2uI2vQVbZw7QGfctlYYrmhGfRZl8UcFTyPcEDJWoRDM6qQidvbEO9t04NTLb6MfVPLwHUzQYM1lkFF43Myaw==', image_description = 'Join right action summer line despite compare. Fire believe political.
Professor say decision amount record. Than from rest.
Sometimes alone economic. I decade agree nice across.'
        WHERE counter = 11;
UPDATE episodes
        SET image = 'RhzpaYvQ2JKm2PwYCs6APKkEhFIw9vvuJt79Rjad/5OuGbjhZNKwOPrU8gozhFZDu1H47X15cDQzFswtnFq4orClwaiaOny2+aHaN8ufBSB1BGV4j4CLc792gD2HYbsFpyhrhQ==', image_description = 'Long movie board. Grow no allow law guy. Pm you according grow.
List center control its. Gas material kind represent west.'
        WHERE episode_id = 1;
UPDATE episodes
        SET image = 'V6IvAjxiAXhw3OQo6SWG07tOfbtoDoU01Jt3Hgo7Hw+BjlNZ9T0Go2H8P8471PvRySXmI0hLmc055FHjbchTAavcxANfdjSpkX59/7Gk5MgvvcPVFYOzd36WvilRR6oDwmfz1A==', image_description = 'End dinner accept while. Pm bit month girl.
Pattern take condition clear relationship success.
Increase reason carry. Left rate whole executive every receive. Provide action them American.'
        WHERE episode_id = 2;
UPDATE episodes
        SET image = 'lCCcDndCl3+t9VqpkT5vNFQcrUUL8ClzF8L+uKuqH/Z/F15W/p4GVMAlXulaarTkqMRDzcbmDSzSpa/C1Slee6RIomBGuTQxkwmK9Fnl/BKdDr6gZO3rHDFan5POP+da7hEeAA==', image_description = 'Themselves state sell somebody. Tree final theory. Into worry result measure friend.
Magazine high argue education fine high. Character these pattern three kind for each. Radio weight base kitchen I.'
        WHERE episode_id = 3;
UPDATE episodes
        SET image = 'G00yXdHNSss2qG0zqUMRgnVi8q0Okokm3Hck8iP8jnRaQYx7eE3mbJVR+5lOuzY+kTD7Ev1Rw0SZTDho6dwx1K35HvIG6Gu0Njmz/UBQjQmWojHovcSJT+aePQP06hZ4JdkvpA==', image_description = 'Federal industry air great time. Material along song huge. Relationship capital reality able them modern school.'
        WHERE episode_id = 4;
UPDATE episodes
        SET image = '0T/DWsaB0OFeacQcTO00BgdcguW2Z4NFXWt+eQVbeX2oUnL0WXf8Haf3txMQS9IEg+8qtvvLwXShl4fUHYHZn8RwZeDyNVAHmFm8s5uG60ej+263oFW7LNsdoVJJslVTQc/1jw==', image_description = 'Role against offer range standard power around. Put leave wide lead hear kind.
Family thing usually indicate include. Sister turn talk democratic food. Area firm different imagine.'
        WHERE episode_id = 5;
UPDATE episodes
        SET image = 'J9CWr+QQlF4lnO6V705HjdshxRcYjfWwv3Ai9lNreaXoJLAuJts/TtJr/iZzJE1iUetowzeCHaHdFCn76glcCfABXpaWgLTQl4R6FOe54VkJtmRf0icOTcKMCgaBiyB1gTH2pg==', image_description = 'Husband despite suggest bill box detail. Coach political mouth happy second.
Stuff democratic I shake. Doctor offer item free daughter kind word.'
        WHERE episode_id = 6;
UPDATE episodes
        SET image = 'U1nM9vyaUje3hyHB8D+m6DvP0X1zOcwQpNmNydPYr/TMzPW6hHqFEg/a0eWnqkq3G0hJjWG4JkxlImEiVJA9lRCEGcWqR8Yh8uAtbFlBWIB2zD3VeeURiatinq2kj4aCjY49yw==', image_description = 'Might fire policy. Perhaps mission community world let leave.
Environmental suddenly thing thus knowledge civil someone. Edge force kind hour.'
        WHERE episode_id = 7;
UPDATE episodes
        SET image = 'IlRMTc5gg1pvwIVCfm+AFHiSk2dfkmbxvgljYC7HjMOa2IbvFFw18N4AfTVDsQyUsFYvMtgGUFrCbM9hnrCixOhB94fq8+9lFbYr8AiYLA56VgC0zq93XOsEAEWAVhb3eAyZcQ==', image_description = 'Season meeting music soon statement color. Research wear process. Government expert watch house.
Again stock money prevent Congress. Media suffer gas heart why fall event population.'
        WHERE episode_id = 8;
UPDATE episodes
        SET image = 'pBzSGsRD/qebSC3HpFtr/e8bmlY4utpMmmUvcSDu647RYxxBiXpr8NJapKmKol/yTFPqlJuFLoT282fRciOL0e4I8OxnvUfWa9sDiK/sdyBTGTdQiqjZVgtjuaTns9avXvSV7g==', image_description = 'Year this understand believe price pattern. Board career step leg southern ready wife find.
If color write especially point avoid fund matter. Question care deep choose art.'
        WHERE episode_id = 9;
UPDATE episodes
        SET image = 'QO7zxHldc7Dh1GQxISqHCLWbaRNZ8fmn2Brx1SgZ/2H1zmF4OpEoIsK/2OeIzQ1XT/Gf+eD0TXboKx41IXGQYwNX8Fm5V7IlXr2uGQKk7Ixjixpj1wQHU4ncHEvYn8rW89yltA==', image_description = 'Song history since personal stay suggest. Personal worry thing sound peace increase.'
        WHERE episode_id = 10;
UPDATE episodes
        SET image = 'P4Marlswucakw9Bkl2hwt9YFv7XZ02RiybCaC05WyAWBbq7ZaNTMdx8mSCnK05rODSPv1yyoc1s6Bn36sPZzIrgA2EfLxYN9Wy1PVIAhkqAZYUu10bgXfU0O78odkB06qq4Xww==', image_description = 'Moment agreement evening military resource difference eye accept. Source allow television when.'
        WHERE episode_id = 11;
UPDATE episodes
        SET image = 'utoUVME7PBNQ1MDUxEITypJ4iMAvJ9yY+4jZ6rVVNaL9CU8nVIVLlFibSDHzKY8uczuYDGUOSq9/JdVGMfePTYsf1W0OGmtBA8fFlrw5guePmz2lLAhH0L02EIFTi1CAQZBfxA==', image_description = 'Interest anyone surface. Theory former cell it.
Receive find entire expect car people hotel. Other environment boy body nature. Fund foot sit indicate other play risk.'
        WHERE episode_id = 12;
UPDATE episodes
        SET image = 'Mnkpx5lgbHzN3GiX2dbvZ9PD7Bye6KrqIan7gK1CQQVbjq19AqaSeE0uNCKO4x2j+ylRX7JtI3ITJ+F4D6roqtSzj1hy5dERLVf9HuMQpPBTkQtAp6QhjuZ7Bzttm199hx27Ng==', image_description = 'Bag third meeting purpose half election beautiful. Add father seek term billion.
Wish happy I space eye rich. Center risk responsibility modern around life. Surface one be most.'
        WHERE episode_id = 13;
UPDATE episodes
        SET image = 'YzNk2HJgNX8yYu+PpQ2ykM7UZKb+mM4pDEs6MQ/uKiULgsy8kxRx4T3LDudBAPmcPRYVZRIOUizd27fmj+aw3X2p71RjFbbWKFNX+2CgNva6sJkK313nkqisX689tXi5jj+gsA==', image_description = 'Interesting room management bag. Politics often some visit citizen similar. Apply by spend home morning.
Arm plan white send free author. Lay wait me.'
        WHERE episode_id = 14;
UPDATE episodes
        SET image = 'A5lYKg/ziaid6PTndvYaSVzeMabC6QZhcv+tUf9x1dSMbOAcYI3N7+cduENJEiwnYDwYzi7Kf046RPVw7j6O5yEajyINLEueUrwa1dgm0gLcRTf0eVx94YGjQHHjI253fuDi7w==', image_description = 'See that well watch tell five wear. Indeed only drug health sure. Partner enough check catch. Across back stuff rock entire.'
        WHERE episode_id = 15;
UPDATE episodes
        SET image = 'kg+I+H82So4zV/bZI/puMyxgByeipw0lXkxYD94gqWeYWEJoncy70oq6v27mIiX2ebPTrZg8vTfcdMiv5FP2dBuZu7ARdFgLRkqDKO2RcF+yUPdMgxt8OrpGkEzn3jx0AXOwJA==', image_description = 'Window land day home. Expect manager good sister contain these design.
Their summer receive their piece effort size and. Lose hospital community mean body manage.'
        WHERE episode_id = 16;
UPDATE episodes
        SET image = 'YWeee8umNuidLHXmNSlgUvc70mk4upZw6vFgkMkWAgbTOwXaNEKVjTj+cjc6eSMQlBZ7+V+mCZowUCCXJaow+l0MLbHdmIuEAOj5gJnSGiKwOy2f/iOmyePPBKcL/zjIZGZbQA==', image_description = 'True consider third.'
        WHERE episode_id = 17;
UPDATE episodes
        SET image = 'JeYu8sALqIH7AMfSpHe2EmP63RfLaHha8Ut7oy11kt610sdK9BxA/zouQ3HVXz5gnA3pFo39AEDkFpTllHIZG7RUwLypmfA7LpaQ1rMogDtrimzpXaRf2GhS5OhdQBiYF7TYWw==', image_description = 'Food best experience positive specific voice relate. Enough a sometimes score own. Travel up arm lead democratic. Realize foreign beyond challenge cut yeah by.'
        WHERE episode_id = 18;
UPDATE episodes
        SET image = '3zG0cMIOE4epJYUzl0ysKTEjTVFOwebukkNA/hQeCOgRqCIYE+9RHh3LVpDwaWDFiWcasiOR7WXZZy0u+8lEbCSPG5zV39ERvVknBmUqca3DQAqb2bWylLFIELbYq9pS7msrmA==', image_description = 'Until indicate pattern establish leg. Toward less behavior wonder finish authority natural building. Ever resource good idea last social must.
Early issue sound. Or environment specific cut.'
        WHERE episode_id = 19;
UPDATE episodes
        SET image = 'tA8Fxeo2CGZJDstK10+/zd6skYvyRuBTaV1Fq0BVZ/gfoRpDqvSWebtGw5+nU97qzUbykWCCVVY8iIY+6M3hmusYhtuUdbIYjI8OG0sHfTOfH//dXcQ31iTANJRC0DpUqGeu7Q==', image_description = 'Someone might upon difficult modern.
Think even nearly once between face affect. Meet between go. Threat language chair consumer husband sign board feel.'
        WHERE episode_id = 20;
UPDATE episodes
        SET image = 'LnnodqAeVjDfLWN2VE+29Cl4f6AJmNHgo1ipuLjE1S8lOXdlLBLZ/V238hLeddQOIUtCybnEIX+dtDgT3D798e4MC2pReOxGM3VS7PHQQ3W0FS7cAe+utROef+u536Ggm0fs/A==', image_description = 'Start nearly month that my day.
One material throw final professional. Save military truth land would thought.'
        WHERE episode_id = 21;
UPDATE episodes
        SET image = 'hdecwWkwZtc3ATTPboRYyCo3ANFmTFm+nUKuB2jNDQ34dUJve1hvgQl1X8ENtIwbNdHIP3TOSyc5cJHhZjarJVwBEYnvYap6GzuVHsLGr9OCXMIvOEviC4ghItKKLKpC/6fiLA==', image_description = 'Avoid piece back least and. Bag others soldier thought push.'
        WHERE episode_id = 22;
UPDATE episodes
        SET image = 'JQ1YWVjV9vkRfparUW9BSFoOMZlHlWFxqE8aa5mPgTS/p98XypPOE9/dpqBmRs7BWlPxEyj8kcFLP9tXcS5XvdmX2s/LYv4WX/jjjhXKudE3sjTbvwCW3yQ5uL9UOUp9gmOWuA==', image_description = 'Box out practice family especially. Others site environmental may bag difficult. Turn last myself what since.'
        WHERE episode_id = 23;
UPDATE episodes
        SET image = 'uIJtecIIxRMHdO1srkKPyAf850/Fk136nVj6c08gTPFJNV2QhWwIvE2gNYozq8likecb3tDS3YNw0ssHxEiyNpSfEwFnduUQpa4ZmrQsaPiRx+a2vC9/eNhzrPs83H9kbP1YDQ==', image_description = 'Watch election cut describe line contain least. Hundred grow member necessary company southern three.
Buy course simply above black public arrive form. Guess all baby consumer model.'
        WHERE episode_id = 24;
UPDATE episodes
        SET image = 'b4Bl2WPnqawA5T5boS7cUV2iKSd2l6gf4HlD+qjQDQd+nYwPONR/MAU8UGU2/rBLBSbKtzdIBbX2TBpdPyA4Pjuj9sNxa+kf4T/9UwextdVI10zV0M0RA3tZU2zXQfsy+5EoBg==', image_description = 'Road peace key choice method few decision. Mother court condition yeah respond.
Interest drug whether continue which nature garden writer.
Newspaper almost news want like.'
        WHERE episode_id = 25;
UPDATE episodes
        SET image = '1dyLsReBwcIXP+AHgJM7Oxr4i2vxLgC9b0dY6AzFC85nR+59W3gc6Ht+UyjVPdX9YPJ7V0sqqr1zli30E+/J1b/04pXll+K385kLn2qcARGaTaLArCz+wKyNMBm1dtnpeEsbpg==', image_description = 'Building rather foot country popular support. Within however strong send less executive. Everybody write machine environmental audience per material. Summer window one try.'
        WHERE episode_id = 26;
UPDATE episodes
        SET image = 'V4SpOMMO1oqYgx2aZdaq48dl2J0oE0xJppOEJznM/zSdVgZWndVXcn/KNyTIX2YgfGcRVWAFZDLZQXIMCO9Z2QoLanF2DnkDWZL5GZXllgh/zhI0CsUa9FQCNUGPnUGrlkG5iQ==', image_description = 'Beat morning lead soldier public point yes control. Car all moment arrive.
Force according trial between painting. Model just by reason treatment prove issue.'
        WHERE episode_id = 27;
UPDATE episodes
        SET image = 'wGWMzAONtwQvazBOx4ZYJsCupkTe9aT0TJiSdnPghYEeXj4PVtvW2WjXOH5vM/4xfnOV0ZtQVoFTekq8lp8p+Hn8UpJY7Sq2Q/9Cnw/ixAHpOKqbZHi8nVIC+BW8UoosBogmmQ==', image_description = 'Strong trouble piece imagine continue list TV strategy. Condition design computer.
Sure religious democratic smile feel example eat offer. Number good easy easy statement box relate.'
        WHERE episode_id = 28;
UPDATE episodes
        SET image = 'AIVBkyHP7CTt1Me3FNDuRY8EtRgCHWAXq5Bpecwmx007JWcJFt4enp0NUu0gLs7el/GxsVs5sgNvpghUoG4isnsNC73BJYTLRzg5NfWCiZAX4WJZ9hFUyENCamymudrVgCJrCQ==', image_description = 'Could too fire. Economic stuff analysis turn course according wonder. Fill boy partner expect television.
Serious middle what officer buy like or. Someone little measure.'
        WHERE episode_id = 29;
UPDATE episodes
        SET image = 'KCcNuqmUe0MVhiSOFT+urlFOpq6tZkwsy3PvDM1r6r58m4K0Rb7N1R856BpWlgi3aMKTLwLjBbaStLrTOBUK7N49HgCmN/LZ4/oQOh0Diyun7I0msb4tnZgm0OEfv1ZRYELNUA==', image_description = 'Way instead show fight. Story first whether option letter.
Over they law model quality bit on argue. Operation maintain money allow commercial take debate.'
        WHERE episode_id = 30;
UPDATE episodes
        SET image = 'KwVNTgR2T+QswQ0QAZYNNG7sbAEhv1vlWLCK2IkubwTz+uYa+CiIjlha3yUScBnIGEStemaUjfGwSqsI5D9/N/VXc/b9vdC5MLrO73xnEx4RHM2RoNJgJ8co35Ef5aGun8S1Lg==', image_description = 'Bed teach as pass rock wrong identify. Sound everyone shoulder government eight.
Wear cold technology image this one network great. Have food ten. And decision prove bed cold place hour.'
        WHERE episode_id = 31;
UPDATE episodes
        SET image = 'P30G+1UR3ws/8MkT545Mw9cbgvA5A4QpFFK6/NJ8DCzA5VSzDLd6ynWqT64bdtx5EMf1/NNk0Ue3agpim02AirfCWfeV5eSgZQC4Fi76onOTcmyVFA0R6QujWG0NNi3oDq5Xvg==', image_description = 'Lot finally while tough start save every. Social consider task opportunity source maybe.
Feeling society step certainly vote allow. Out right man figure. Yard could reveal likely try everything.'
        WHERE episode_id = 32;
UPDATE episodes
        SET image = 'VtvK7dSUyx0uyiYoPL5VSf/FHz0lkKTgYYJg2sZE1NPNRehfa0AQrWHK7ABl05Q8fG7HhuKMFjhyoKkH2wrMWCNryYsDFkdxYn9NLZyrBvCCTHGPIj3enKv0JkemT6d7ydADZQ==', image_description = 'Leg family owner first loss government outside. He job at find spring authority drop. Himself laugh forward time mean number different.'
        WHERE episode_id = 33;
UPDATE episodes
        SET image = 'L6Eltj1wTqYnE1wHgul63tPID1lHR1GgiYMwGrKWrtdtZJKjMvNpH+ib2+8DY72cP8GGj2ZGqkLdENCEbTfgZOEQKKw/DkWNBPrUrAs7Jzu3pchzYK6J6puQDnFomplIzHK2MA==', image_description = 'Avoid memory camera light middle two. Manage another where national ten chair agent.
Whose play war front little green. Scene firm explain must rock.'
        WHERE episode_id = 34;
UPDATE episodes
        SET image = 'QBvOWlefVKKWPz1gudkGOBQlV7Z1FRnMF3UN8qDLc7ZMhkzChnkvkZthrkbY6JfHVFvsClOofc8rpCOGIEWGzktIrN51ezaKyGfxrUq0s++2P2+MDKNq/7VppSlCj4//+FH64Q==', image_description = 'Half fill rule perhaps professional. World season control to thing save teacher. Data minute carry piece. Public reveal along thing somebody.'
        WHERE episode_id = 35;
UPDATE episodes
        SET image = 'prHQu9bq9Ky3P3AHidbvf5KrvlmSytm3GxjCqKhLYxoRXKKmbY5LtUZpXPuK0oLiLrbZY8R33aKKfTR6WgpkVn7DUKXGWUGWOJCwdlz0RczMlKj29rVdeC4lpbEJ3SJlRE6y+A==', image_description = 'Budget identify shoulder back. Decide art science he piece red.
Suddenly mention thing generation success adult college although. Include data according expert worry. Back beyond data physical power.'
        WHERE episode_id = 36;
UPDATE episodes
        SET image = 'Gr8f9vqsy1e3f7VOlwa79jcr7k480nIWu7GLdDJWl9yMvyuIOGxXbWXn3Jgo5RH+jidLKA84t6tVazEF1rp0bY2+5DxJlJrR9qP2p/gfRMMZLyOaszGXuBgyBZAouYU9WIQilw==', image_description = 'Force major whether nice out six. Teach put campaign this down address hard.
Since identify by dinner break set key. Address positive recent. Truth magazine total itself police.'
        WHERE episode_id = 37;
UPDATE episodes
        SET image = 'oN0Sus7Zk5SsoQX3dTMzZqpIsuqgy2MC05WGiW+M8mS19O08LRv5pNxiBd8eTswrKcKamQQLGlb+H6cc/om/uYIVWtG0XdjpfPXGxaGbtbGhpsaRBudSZV7ca6WNI7mNMRF53w==', image_description = 'Less occur accept next once. Develop suddenly order music several require you side. Glass soldier improve class employee.'
        WHERE episode_id = 38;
UPDATE episodes
        SET image = 'Ektj40JB9VwZvtnzI5py8LLFhPGA6O7tsOUfuSDFTAh78RRxl3jmh2z5RA0f2ApvxQQpmyGlpdChCVBGWlcDAGwKcGL/7MfBZTSRbecREPmmrdFJz45cSjYxBNIY8gouCcR0hg==', image_description = 'Concern kid myself available baby pressure individual. Knowledge leave require lose rule rule.'
        WHERE episode_id = 39;
UPDATE episodes
        SET image = 'BVZkwcGe7SPOXyFPis/Au3osu37dBHveRC+G/1/uBHpkNzpW4YlGfg+P+1DF3NHG02WVV0h/uQsULGQnabhMw2yERjs1uNyknpVL4V6TTOg981ZZjMkA9wIM7+Mvu4GiP25l4Q==', image_description = 'Visit really agree direction drug general. Industry thing bill. Clear life important still bank every.
Blood particular add staff my lawyer strong. General sell remember.'
        WHERE episode_id = 40;
UPDATE episodes
        SET image = '9myZr8VfDaIGpLvJVH0RdZfaCFpFeum4kaZ0WdvZnz9M3a1GtQyT7KUjWgwGE/G7Tv2+psisr42djdfytUpY4vJj9h76cIFOpKSE78GFm4ayK9OWCOVeHxVoN9TjCAC3L79rog==', image_description = 'Determine now charge last. Itself daughter receive center upon almost hot. Training management create else next.'
        WHERE episode_id = 41;
UPDATE episodes
        SET image = 'nzQcI4UGPArL3811eUbJmO80JNnJYFTKtVj3QA6d9SoQbBca59EB1eGW6IA0dUP2s3Oh+ER/cBXmGS4N2VplMojVd6afSsw8Sywen3nyjINzGgEoVJ6zZW9HUxSkCjxDp/xEYg==', image_description = 'Else TV individual boy care.
From between old difficult once.
Movement note line on lose coach. Own institution vote doctor half.'
        WHERE episode_id = 42;
UPDATE episodes
        SET image = 'rwKevF8IpPEGR7SV8CBIQ6VpfteWs0BDBI9Qhqar8yfbTgJXkkRdxiQXBlSAKkSocVvTPqg9T4p5P8XRXU0I6XGaFZUN/27VufSuAI1bnIN+2cdE8lFwJGOZyJE1gskWq4RY2g==', image_description = 'Seek police per. Standard since child crime tree out wonder.
Visit if study discuss. Past game foot tend room air beautiful. Customer spend professional character.'
        WHERE episode_id = 43;
UPDATE episodes
        SET image = 'HtKXfOeglezu3m5EijRAck7sF4xTppPzocEQ/+MmfosLH7bxmISxg35s9H14xQOUPQEpgerevZuk6u0VDaQBTRbj4FkJ2vxcDdWTTQmCsTIXMqv1rDS5ED06SltJHmKmkV9X+A==', image_description = 'Environment test today. Tough role season ten. Before idea full.
Hand age forward outside her range military the. Politics about with who evening. Consumer take exactly run.'
        WHERE episode_id = 44;
UPDATE episodes
        SET image = 'jUAugvKZFNbeyY9cKEmLlvy9D7EwmvvFY8RX2pCzwGDPwh8fCEBhKTqhz6BrvU4buy+LqpprBdpu6xypFLQbs7MBWqJ/KH038QcpEpTrQpYH0aP13oF8cIJVYstP4Me74dnDzw==', image_description = 'Hospital effort data day glass two. Share exist year become case least candidate.
Then role want. Stay maintain person among.'
        WHERE episode_id = 45;
UPDATE episodes
        SET image = 'CnbquwM8YMmO950SiHTuVY/lGDgT+5ynheeU6y+aYagikszhEVLqhElgHpEXiaFQ+tbOmIkCvb8lsCN2cjM9Daof0gE3uc/8UylbmljT3alJ1iVfnFrQPwpQGidZwsl4i61Adw==', image_description = 'Significant marriage soldier prevent result why. There talk son interview down month. Point administration ten build scientist. Top low full me claim top improve.'
        WHERE episode_id = 46;
UPDATE episodes
        SET image = 'T56i1iFYyoevue2/PE7BBVgNRCLU5IMRCAMeTn11NOPzXx1YuadMP6sIpFJ6vi5tKOqK9muGh0H/sS5OlbAII1jbKx0wgGNUXXaSj3ecE8ZUgzAuTvBLqsD5fn9et1YTjPKi8w==', image_description = 'Ability wear near standard sense under rate. Class his main. Movie one behavior art.
Four large study north artist nor. Behind write seat want spring major.'
        WHERE episode_id = 47;
UPDATE episodes
        SET image = '9vA3du5roXFKFRlmzzTou72rm4cduMn90QBjRHYWcZVoWrF3vX2ZCV+Stgh9J4r7tAJ/WykdW0AkITlG1i12BxoRbmTnOTHuc5UhCXmwF/GOu2pUKFWGGnK+eTWUDEH5fisDjg==', image_description = 'Eat go early involve. Meeting help plant assume experience four.
Food game left receive president five author ball. Billion class big onto physical any.'
        WHERE episode_id = 48;
UPDATE episodes
        SET image = 'xRn4qAXpUWn+vSK3Liwqt+4qanjse6ZAn7XyG9wyR6JUHLpNDPZcshr5A26Sjt25BZNd2S5OyJdUP1Dnr5Guj/h2lXXFraatB/G0lLtlateqCLPGWiMb82UByPjpKg5VVO7ZfQ==', image_description = 'From however scene nothing they single number. Four find skin box. Face likely customer four somebody design born shoulder.'
        WHERE episode_id = 49;
UPDATE episodes
        SET image = 'NN/OzGGUNgQNlyQtvQ59X1G21ndv/xsC9MXhVUZTPIIukalVgC+ye6t3TshoGGA251t+wAWNXpAVexDhcR4DmxkNXw8hDbVPf0Ufq7ttb6T0EbrkSdYmWsy6nKrStP5f3YWXWA==', image_description = 'Series kitchen plan provide. Coach total floor. Pick personal everybody poor north seek tonight.'
        WHERE episode_id = 50;
UPDATE cook
        SET image = 'yu73pgHQabtfjOachb+pxjFHPW7uHVLPnmUGchR1jT0XI5vY6k+7PWodISXyUp6AdoXlXO2EWjlZLWipiE0LaLTb6YZgMtwVDz2uc1XUxcimkgsysi1NYwmI3ynCEX2EYmNsaw==', image_description = 'Allow doctor hit. Listen minute special there. Part green statement tonight another record hope north.
Cup best difficult until. Respond black possible. Scene month who knowledge go partner.'
        WHERE cook_id = 1;
UPDATE cook
        SET image = 'Z/CAhwXHjkCta+L8DrAXc+0ARNt6Ew7c3qYnWL9XPVyUIwEg6lzb4VCUVdnmVQX/TLl9IM++nH4+6yI+p4cFsQCUNnGWPyg5om3FgVMVaU7Bhd5fnlWO1nLuoyRceC2xczHoVg==', image_description = 'Face memory trip. Chance school value work. Off wide most anyone speak.
Western detail key smile soon door. Financial new whom argue check compare. Today find cause.'
        WHERE cook_id = 2;
UPDATE cook
        SET image = 'BaFn5FJnf9xSs4DnXIHxju+clj+HUjWmqO7O1rfuR9a7NvqraJPvNyZ3GRz6/FHXa8mwdNXsar5YI2Yo3pyeLb/FDvL3ysvmwtjbtmgyJV7aWobTqWVtDwOQMo5UYtNoQ3UY0g==', image_description = 'Hospital idea material can international.
Manage of rock relate teach between. Anyone interesting city ever.
Hour power game.
Action whose grow size during. Phone understand night recent investment.'
        WHERE cook_id = 3;
UPDATE cook
        SET image = '9gbSjjIS7ANJa4P3gKo+o4h6t7Vf+A1unmcLm2T5kfGkf13M1UNDM0PZe0BRm+Zgw0tQo4o23uN1gJjBu65wE2E9JKCtdaDUm4H+Hq1h1kspWdWhbKAlguaejBVAlZhxwHxJ3Q==', image_description = 'Method all help piece. Analysis crime push decide organization high security. General people wish research.
Sea third her once shake since. Until term spend interview painting quickly.'
        WHERE cook_id = 4;
UPDATE cook
        SET image = '4JSQiQAKqYtX7+/btHxaApy45EJnpMpBC8pps1VYYWaBZQw/Ksqu98wQusklzuNE3my9IQdUFuBOfZyPfVIjd06VqHHUlBBnxN1pEAw47c9uyJi/5ZxuWvnwkFqB9hHb4b1QGg==', image_description = 'Voice hand look culture leave picture who. Approach mother his usually learn. Baby anyone mission look large past woman.
Education food reality source these state thank. Page position station force.'
        WHERE cook_id = 5;
UPDATE cook
        SET image = 'I2dKgzDBXAetgygLjOV1o7lm7SJt5o7u9TAPcr9zKpIvfyKWIJ8HzDBj7+Sd5oBVXLFduBa19uKVKU8/uGfgJqueGwAFktnrxpa31DpLBLbhkEiMKwosP3v2GMKiRgumKRUhPA==', image_description = 'Town scientist star seek hot voice easy idea.'
        WHERE cook_id = 6;
UPDATE cook
        SET image = 'V/eqTORZhLLyvxcIF+KzJlzLsBZ0ybDDPu2zmV/DovzfiS5FNUr6l4CW1yIfRzXlvQEG7BvqOAUOKlHsPh8XP8OW+GW9wIuVEsEDAsv7J1g4cmGolYiAGkjaWw9XNUSi/iHIiw==', image_description = 'Ok outside toward camera. Democrat century drug upon item. Wear new night her majority color.
Ability about member debate between. Condition agent know list suggest.'
        WHERE cook_id = 7;
UPDATE cook
        SET image = 'dtoqhJf2YzcSoxBlbifFsUN58T28XcndEboIQirxxvXpHpLJaT+hq+LuLcCHfM3xPIFmE9VpHRHmYdEVXTL2nNPYvv7kuSWNmXYYvlwHLqauqp9+VvqpO1qx89PgqBSthyh7Qg==', image_description = 'Hit sort will inside successful choice skill. However instead could compare. Treatment study lawyer prevent still provide.'
        WHERE cook_id = 8;
UPDATE cook
        SET image = 'ox5o8w6huadCHO4iJaJEEPyibZSjLmuiTyfWSZsgdXfWwZ8jpc1zbKOWH8wM7gSKDmoCitZfJgQ5ZjkSxy70ozW4gVGIT4NxXo9XnjbJUFKn0XEELZ/VWen69vFazedQX6YV4g==', image_description = 'Catch quality during tree. Pattern go strategy next spend guess. Area store hand four after think always.'
        WHERE cook_id = 9;
UPDATE cook
        SET image = 'DSBMQtCIsOkVwuOwirFtlfM4Qda6QXKGHbz2eDKjwyehRqSWo3ube3cpcWmNybwg2IezXa02jFIZ6N6qLQnylvHmDC3tDGp2XtWvxp7pTP6F/OpURov8uPWRqYEVElTK9QJmSA==', image_description = 'Indicate foot soldier kind. Ball pretty skill wall any phone. Treatment tell cut reflect.
Charge since long year ball again air. Official court base pretty.'
        WHERE cook_id = 10;
UPDATE cook
        SET image = 'tyOJSEhTF4zB/wl223OTIjsb1/kbbCTHNHG0YU9byfhfl/yCFWEaf0cZ9ikR8UcAbmlJrzAZQBCmNCbRRJ6dzcuSj9Ey82qX+pfL+qjBbUINf0ht2vKUJx7r5elngRYB1OZ3Jg==', image_description = 'Budget particular raise edge represent sell edge. Outside bit school product event crime huge.
Store program pretty. Six measure trial personal family parent. Appear reality relate plant.'
        WHERE cook_id = 11;
UPDATE cook
        SET image = 'ECDQncEGZcAnr/WhWuixTfquG564E4rGKBUT98io4+lvwKI5t80e4VuTmaznxmDZ3z6nvcHMJVeCyuEVGXZJNKgwnLzbkiwkuem1K2zGoITizaxAq4AMNtSQwSbJ6xEVIngBZA==', image_description = 'Both draw kitchen whether.
Majority newspaper letter hand view relationship. Management we almost it itself everyone fly likely. Kid pattern certainly few them stand.'
        WHERE cook_id = 12;
UPDATE cook
        SET image = 'SeidImG7hcQHhTr+2JA6fEiGarUYOHqW1tf7zrJioG4J3APbZjPOffeTZZxm3uH7jTtwlkM5sNI5yJvPPdvcVVt/ihrdqV6j5fYO10jAgotZQdglnK8wbQZSXeL1nm7Pc1LwPg==', image_description = 'Event sing throughout Congress news. Everyone artist girl reflect general. Early support candidate specific.
Four relationship democratic business for news. Involve father half a.'
        WHERE cook_id = 13;
UPDATE cook
        SET image = 'SDTZPyIwuLaU6JnH9DL7NS/9qIrxW0XxCDM97ljDDVPA6Xzbu2XQgNPzzXksdfttwejLiCApVozK/FunGseqFfNC+3onU8DRCcbgrDe5hw/lR7Cab1MXmxPM6tMD9VPC2OieMg==', image_description = 'Site government develop piece that result six. Talk make career program us. But hair join win article letter. Run use wait throw her season collection.'
        WHERE cook_id = 14;
UPDATE cook
        SET image = 'It3e7qRjDSttAbwB66MeeSvP4gIpxBe36gdx5JRWKmViH3gT5Pa4oE39g9PWEyETeg7LY69rzMTYKhPEC7FAFQ7AnjiGGjtdcC/ukZQql/mTbkK7MuxKXqVjbRmFETaWiy7UcA==', image_description = 'Almost dinner on. Measure ready dark brother season economic live.
Nothing week health Republican building new military. Ever itself really national agree. After fill set fight.'
        WHERE cook_id = 15;
UPDATE cook
        SET image = 'iTaG9VD1x1s/wYRItyq1+H3imF4IdAfylquIvlxdyBFnlaJ0WfF2T9N0RSJzSZ7BSctflKGm6RpDx7gCW+HqL9upmfihLeviBgOoNqKKPsdSQnA274pozc3BqBX2hZxfOHQniA==', image_description = 'Benefit necessary catch. Address know name technology shoulder yet PM structure. Opportunity event store star teach.'
        WHERE cook_id = 16;
UPDATE cook
        SET image = 'DqrI777YSDEqej22DK9qhd/hO5Ld0+1A3Rd/Kd13w8E3YgY78yqOV95zw1gjj5lwj6q0k4uznM9eXdSbTcVrR0HTccYacn7r1KldLFIhjqEp4XoPcglV736bPeZeGa4CcSCetQ==', image_description = 'Business computer him claim. Blood this agreement I.
Pick smile read me car. Certainly ahead there political environment development. Never box third different identify street world.
Time day upon.'
        WHERE cook_id = 17;
UPDATE cook
        SET image = '5hnSvV8kgsBrwNr/gQM98GTKP9tSMVYUL4tER6l100Uw5eWRvv0zbedpi9Tskm3ims9FlhBPrCyeKcCAWD7QCKOdhruN5/RwTrSdPw7CeiDkFboGuRBvfEdiuy/zGAmcnqXFQg==', image_description = 'Kind vote soon set model wide job not. Culture serious maintain imagine old official current.
Ten reflect this claim court husband less.'
        WHERE cook_id = 18;
UPDATE cook
        SET image = 'j7Mgw/NvSpzNhT3KMRWOmYIx6nAEzyKCUQlpvpwzMyokvRQBubWI5ygUsxdOrzf1yuY6Ggo5Jh1+aqB0gLpvsJFKYxNp40ypk5n0e8nKFxBQ7Eob17pBP0oCcNYvb+wR+ygg0w==', image_description = 'Claim ahead store civil as. Wind dog need standard.
Hard minute large collection bar risk. Then media your movie air particularly growth set.'
        WHERE cook_id = 19;
UPDATE cook
        SET image = 'NARs+HXnZVG0BbT1OS31lkgvfhUoF+PtOvdKkQgnK4qhRAZa1CWpkLnGGlHGbBoCTVD3ixhvpwrocJWE1SbFW5GT87u9Fuu1SMO26ArXjsMJZ6sVCIT0t02/FS2bzU+nNYDTDQ==', image_description = 'Trip hit white sort. Compare reflect today suffer even technology kid.
Much stock tree low.
Important participant along under. Science full become authority style level.'
        WHERE cook_id = 20;
UPDATE cook
        SET image = 'IDOHABzuaNxPmGSBDhZscL6qFr0WV3pWbpCaVW5C1cbO0KiDvddJZfKaWIi83VXpFoFIAGnn7wbhkocmlLqM2LNezvNmUBeSd+GoSMoWYZ6PFMmWbDrdT1H6RlV4oquYyttn2g==', image_description = 'Store financial mean major thus nature sign. Use many contain. Environmental agreement federal compare.'
        WHERE cook_id = 21;
UPDATE cook
        SET image = 'JGSxuPUE96ZghSUWavNB34TEPnCpDbTcmtEO8nBHsdRGtJ0VvlUkuoC2h6l+3T9KAVwoHv+9X8nALjDShvdNWJQi6y1zQ3MsDNo8aEaA6e865MooWHcFlm2ZBETp4VUK0mNxuQ==', image_description = 'Investment word health eight sell investment check effect. Almost research moment forward drive. Put store adult trial wide.
Perform character price walk business. Open fire including so throughout.'
        WHERE cook_id = 22;
UPDATE cook
        SET image = 'PVF5ID5aRx2lfkqko59J9DEHQpxjEOkAAk5kVvdW/DlEiRJ8DiqoL2T0APMPq+yeLd2wA2Y86iyUq0kSPcQoGpoWR2++ZDguKT6xqAdtdZ1MWZUcI+an8y39TfrnC+CiGVta4w==', image_description = 'Reason career student cut economic nice truth. Value amount difficult cost. State concern sense watch charge professional stuff. Upon identify close market lay truth.'
        WHERE cook_id = 23;
UPDATE cook
        SET image = 'CPUr9a2tc5tKJt3FxKqI5wGDDqWcQHDt5Aa9kCUzWLxb6POmB3wo2fR1OWcNgJ9CQ8PjBQ8WJXuF5m0rI2M5EoTyBprWf3EpN9Okp6NQSaQrRGzAz7Z8PAr73chISV39DpS9kw==', image_description = 'Consider mouth yard board especially among. No inside push society. Between how specific subject after.'
        WHERE cook_id = 24;
UPDATE cook
        SET image = 'E3HGtVU+ekFOmfs/HBCqlfpvVEULRkpzHLBrbcQoZ7jSsvEUzOIOJt80JpGtcXWqmNnJZ9GHMj9xFZ9j8Sve5ajGkOXCTHK5NdZICJm4PMC4Omw7pu/e56CIjGergD4Y0mKwHA==', image_description = 'Mention story either network ball pressure physical. Student modern he occur. Focus address between clear worry clear. See main institution collection ball.'
        WHERE cook_id = 25;
UPDATE cook
        SET image = 'e6bnoj5PnVxxP+UBbW5hP1VowoG2E1EcIZBN5v/6VCFf7W4/q7xCxCOJNtQrlTd5HGsP+EOS0AOnUiC8lUc3VsCZx18UYPYcAwxtuKeWf3WUMWTZG7Vdx1UeN2/8uWnf+Krosg==', image_description = 'Lead attack analysis car decision whom discussion response. Push news than challenge product tree population. Morning work accept.'
        WHERE cook_id = 26;
UPDATE cook
        SET image = 'GWvDoSV4AfuKi153MxFxOsyC/DCSdZOiNCSzZ1NjFWBJUh4V51nu8zTn3TygZntJ/pvIvv+RRYG+aJxoojRe9RxS/65tSmxKIyRjYh6hnF7+CX9HNjWN8I6d4B/BeBJAOSKl/w==', image_description = 'World although growth get. Baby mention such protect care.
Personal yard never establish. Alone structure live move. Become suffer education half state term.'
        WHERE cook_id = 27;
UPDATE cook
        SET image = 'TVlzajiSMk3Zf4g2dVv/d+jNAUCW4TJ/tllZiMheTVgt3kJwRfr/+wNfLGT5qYGFFm4enTlExEmD87m/RJmEKEpIyfmmQRdRdPvmoNQAkoO9zrSthkETjgCjixZJzvU0NxLNSQ==', image_description = 'Responsibility north ago push. Staff than long organization agent open. As hot recognize scientist.'
        WHERE cook_id = 28;
UPDATE cook
        SET image = 'TKS4Eu7MW8Qm9tIl/bmIh2EAJKUJG3tvZ+soegKOBk0gG25Rt6qLpRb/jvcDpMASuguMs1tgm/cfz0esQDWNSfvV89S96C/Aj+U/nS2MPzAm9w6GdcL4Ep6Ay81mH69NPu7zZA==', image_description = 'Every see listen side rate. Him defense structure course no act really. Program along whether try music people.
Reason tree letter. Wide attention career real left.'
        WHERE cook_id = 29;
UPDATE cook
        SET image = 'ljcHyCjXgf3IH+QwqR89PNm04J0/Iomtgi6BJpD58QRKpUBE6Gzn2R5dE7youbKCUtGTQigfKkYVvknJ6+CztBS/QHgWT7ug9T8xMX/BslhoqLjRsrnVHGmRM5GRK5Ft6nFQNQ==', image_description = 'Rich player less wind skill size. Often bad how suffer decide.
Shake ago fall wish whatever.'
        WHERE cook_id = 30;
UPDATE cook
        SET image = 'QFh1sRO2UlYoO5VIie5Kt5opVlDgtLZmo/UQEBiOtk2+qh3ciR958ctdwVp4ewLKNbbzQoaD7PNbs1CaZ5PsFDl6p233PeDYvi1TM7sqtzP0VVcJqfA3ObsqEN8BSPTknd+5tg==', image_description = 'Edge discussion high far responsibility safe. Green build difficult conference learn run protect. Film before way eat do agency meet.
Black stand as possible kitchen other.'
        WHERE cook_id = 31;
UPDATE cook
        SET image = '9sS6H01TLUBN0iC5xkSx6RH+1+oOnHsw2JUR2N9iaD9q0tinSWOwtkDm/4JBwHaqJO0S4VDKrHxxH1+dUqRel16HVFoRRynidpyQ0tI/6IxOEmfk8kdaws4tSseSd5D5oCPmIA==', image_description = 'Assume once program hour represent great decade. House stuff hand continue attorney area toward. Support by here art energy mouth however.
Station certain all. Energy future author.'
        WHERE cook_id = 32;
UPDATE cook
        SET image = 'fdT5vxbCq/PV4dbwz46Bbj3/15lP9FNDCGIUCPwTKd/PVTal1wPWn63NYixGX6paY2XaJE2MxQW/oWZhGcFVBYvsW/KL77CWBNLn95kUz2Yaqkl+ALe3HFxlzMucTT+Ne/TGRA==', image_description = 'Successful break board official strategy test but. Data last system woman only player. Kind baby where floor. Candidate speak mention participant.'
        WHERE cook_id = 33;
UPDATE cook
        SET image = '2LszD0KG2pB9pmSpKsUSFj+++d+C5Zox7xC43pKV+s7RpyZ+1coqxebqoV0EVEucJZfh8K2XlS9faj8Ghqd4kdmRG7W/zclXKYxK7ZruFI+Y9EDLlfVyHfNyKL3h+rDfd6YykA==', image_description = 'Main sea develop my like skin. Fact nor itself sea beat.
Begin five ok church without road. Television those movie. Arm town upon camera whom sell dark.'
        WHERE cook_id = 34;
UPDATE cook
        SET image = 'SzLKd1VFA9+iKoXvnNrM093b0G7bSPooiyCwaWhQ4CUTHMdOqsbivJawe8CAQ3wpW1ejJ0PZVbUZ/TVNWLaw7lKScM54hL1C1IHRj5TXzoLZ07BWcLkfsZaAFuoxlqvriz0vqg==', image_description = 'Material grow three manager she. Good short above station generation maybe.
It party easy morning public surface perform. Sell movement operation ahead set here. Police reason you price.'
        WHERE cook_id = 35;
UPDATE cook
        SET image = 'sWQ5mZpKPztCXTH321zvKFz2dexVbNPeV8Xm/Qocn7PdowPb/GpMfSLSWvxDhDccxVneBNTi/JOHhXZQ0ooBPdvwJHnIZHTvISooruFRaa1W03hg76WhOdJweQjVOInSqU9PVw==', image_description = 'Expert detail little such avoid director. Follow environmental evidence food drug beautiful.
Three leader social theory. Pattern yet others agreement so where.'
        WHERE cook_id = 36;
UPDATE cook
        SET image = 'MRFnF/czDVdOAVVZ7jXDhS12faukIYFtXMGkSxNznxRdJ/E59P9z/vL8f8IJYjVBaYwJaBBAx8xf62e6voJyoriXNw3281qmgi1BoWywxWjVGrPP6PPbEaWrUKBWvYOGl32CNw==', image_description = 'By including image teacher. So line mouth little traditional better. Including account education certainly. Clearly model seek whole local site.
Must could player.'
        WHERE cook_id = 37;
UPDATE cook
        SET image = '+C2baXjsRf9IbDFr+1a7X2jTAqSfA8COvJ9Vfz0hsxHaD/mEnkA4zjIO9NvQupMnkl9p8uAAG4GH2vbG+YaAMhkrIvT9+qsv/Ulyyv7Kq/jXolo2RGUjOdPRWfHUYC93XHJt0g==', image_description = 'Oil society two table. Brother same candidate situation.
Set themselves better general whether pass. Share quickly free officer. Our morning defense true miss law.'
        WHERE cook_id = 38;
UPDATE cook
        SET image = '6KDJN7lkvZ/815f1QQBUyyK7HaKn9QnYW0D3VrebMmSCS1J6P90UFqbFksslwHkNDWWB2fN5DWUgms8yIyEWuPVVygvFQHfRfu/xAGRMmLy0RTPzc1BAYZGemX1CmEl3dura9w==', image_description = 'Themselves since begin left smile production ago. Might recognize outside friend individual light after. Information town thank girl half gas allow.'
        WHERE cook_id = 39;
UPDATE cook
        SET image = 'soYvFZRopWhFFLrOi/aBu4f5bDoRqoM9SWiU+juUDz3z0958BaO6apdLZJYFeGRUEYDxsET68xDAc/BRp2WYVNdut3yVo+jofqMtkOlylA0eMJUA1I76invZi8Twyh9w5/gYoA==', image_description = 'Left site even. Contain help despite friend former key accept.
No investment image amount. Own wear build trouble themselves. Resource physical edge event four hand strong.'
        WHERE cook_id = 40;
UPDATE cook
        SET image = 'xz/ChO1ZUssY4Z8zc4eVPkehLL+3/1DsL4QADKPOMqpXP69hS0KOwvRgzBNbFw4rMPccRB6kIZzbrhPooYK5v8uQOnDtm28zazn0CoWTH4/oZ1OdYCfUfb2g9ircKSmTN+5Sug==', image_description = 'Movie charge message agreement camera. Those wide word social add her.
Billion politics new including. Should skill old at respond quickly.
Modern these traditional year.'
        WHERE cook_id = 41;
UPDATE cook
        SET image = 'rosDoxOHSVLB4YkN3mRTg4mVFPBnJlQDiGZb+7+REsgO2MDG7keJ8E61+S5lnx1ubRYlrTCqqD+oaVND5rGp6dYNOWnlzqT4EvcrgoZUGEYqFnx1qC/cejMOXkh9DiyIYL438Q==', image_description = 'Mother common professional thus name. Clearly buy offer appear discuss him defense.
Assume generation environment. Race make of worker also. Table road require forget last.'
        WHERE cook_id = 42;
UPDATE cook
        SET image = 'bCEdStNJsMESGfwD55qas8aLnfPIANDrSf0BKXGURn6JKCs5t87ObDqOd64PNGPYR7QL5lGvUo88+84zd0Hw8P5AXnCa9CuCVRBwkTT5awD8JgLj2Tio0bq1qh2Nrl3+mB78pw==', image_description = 'Call event tell though run true TV. House child no argue imagine star.
Leader type either rest. Exactly task budget.'
        WHERE cook_id = 43;
UPDATE cook
        SET image = 'zvA6W7/kzhteBJ/jZMfDfOEuLtyoYJ3lD02SqdXWyMVL+Fbji6Uq5Og0o9A0pJqMj6yKmPBacoOAI8nDo+T/5GMF5ERpGMDYp32dF/dmUrO4n2g4MTARtcz9Yb2FRCWxEOE37w==', image_description = 'Up structure nor effort card sure. Claim nothing affect expect will voice scene.'
        WHERE cook_id = 44;
UPDATE cook
        SET image = 'hR4ViIHwrk9x9gHToxdspY9XdXax7gmnbhuhc7jrxnXh8OJnHhFHuP8NlTwnQJ7ChJ2bDMMbG3xDJUBRWhzCG0VJVh+iH4BKnieEY9KDFFikvDkUYP/exQ4zgsyeIBT/i/lZNQ==', image_description = 'Probably must themselves ago list skin enjoy. Quality seven could sister item family. Method fight something goal.
Seem father ball card. Policy mother discover like fast blue. Carry fire community.'
        WHERE cook_id = 45;
UPDATE cook
        SET image = 'rJn0QRF2niRTPdakB8VmsfqJ1yQ45NbykXJ1zF6gxCmcrcSBklvnOg8NasWSWIS7rNxE6XyjauQwaXIYyA5C+cnixI7S9fsW4jF7W1GCxpvwS4zUQ8VDkLsZS+QyoNUZzLRPSg==', image_description = 'Myself message standard thus worker admit only nature. Condition play scene star car. Talk production subject management billion.
Free wife others national season. Energy rather reveal production.'
        WHERE cook_id = 46;
UPDATE cook
        SET image = 'ksi1i141+rl47UaIa4LbPyoDqk2ut/Pj8ywmyaqfw546Daq0OXcvix4cPH2Okp5rEP/tEySoyYo0eA/FBxztFwicQpeJoPiSDjXG1Ql/S8SELVqYc3AIyH8GY+qFq2ID5CO+7Q==', image_description = 'Third mean summer thought answer. Long current difference my magazine. Lose until office find.
Rise seek discussion. Effort interesting current head another.'
        WHERE cook_id = 47;
UPDATE cook
        SET image = 'oZyK0jZZUVaALr5XaUOVJEioDmVqRMbnWmNNxaeoUh7SFgyLnYgFVTabvAfVgzUoW/bamm7hZSIT9d6jU7suUvWdpNoLK2evkakVs0ttWaMzihHqPg6vCIkJTC6W/S+gET9nYw==', image_description = 'Respond alone ok read probably wind today. Expert bill who.
Serve security could spend enjoy. Night fall how investment yard. Issue girl imagine represent forget agency goal.'
        WHERE cook_id = 48;
UPDATE cook
        SET image = 'ZXOy+cQch32xs4w4TQJWoE22ol1n4r0QJ/29GdtZI0sPO8ZLyXMjB6BtUy6SeoSogV0VzOSXv6FtEPuq/ghmvrIiFUlcxnNSyAkviJUDAhYzc8DFffhMnTsTCgge0TvxFW9yRQ==', image_description = 'Win including glass. Century structure test difference wrong. College may month stage. Finally country party cover force.
Image what defense.'
        WHERE cook_id = 49;
UPDATE cook
        SET image = 'UplVrQDEhbKesPNjxA1Xn/q+36ZE5uHA6d3DoOwBuuo8MzPjLHdT55wqwnjXITSGOy60mN/IqVfCEX60O331fVdqeHuviTiM2fSrBuiamWV3XhnDJbRaJ0n5Ea5YZg2vGgelyg==', image_description = 'Grow one yeah important fine choose total. Often agreement make nature police.
Produce effect leave we.'
        WHERE cook_id = 50;
	
CALL generate_episodes();
